user_id;fio;email;address;effective_from_dttm;effective_to_dttm;active_flg;sysdate_dt;sysdate_dttm
1;Беляев Аркадий Терентьевич;ermakovavalerija@example.com;д. Ревда (Сверд.), бул. Карьерный, д. 8/2 к. 183, 458676;2024-02-11 00:17:07;2024-08-09 00:17:07;;2024-02-11;2024-02-11 00:17:07
2;Журавлева Елизавета Вадимовна;nekrasovaalla@example.org;г. Каневская, алл. Тамбовская, д. 55 к. 229, 113659;2025-04-08 15:22:19;2025-10-05 15:22:19;0;2025-04-08;2025-04-08 15:22:19
2;Григорьева Анна Борисовна;arhipovgalaktion@example.net;с. Верещагино (Перм.), ул. Чайкиной, д. 5/2 к. 676, 290226;2024-05-11 21:43:58;9999-12-31 23:59:59;1;2024-05-11;2024-05-11 21:43:58
3;Логинов Вадим Ефремович;vorobevefrem@example.net;п. Урай, ш. Челюскинцев, д. 4/2 к. 8, 874262;2024-04-07 21:05:01;2024-10-04 21:05:01;0;2024-04-07;2024-04-07 21:05:01
4;Орлова Лидия Тимофеевна;ermakovviktor@example.com;ст. Шадринск, пер. Саратовский, д. 892, 233429;2023-04-29 00:31:14;2023-10-26 00:31:14;0;2023-04-29;2023-04-29 00:31:14
4;Данила Адрианович Тетерин;nazarovaraisa@example.com;п. Валаам, пр. Кирпичный, д. 3/6 к. 72, 317527;2024-04-08 17:21:03;9999-12-31 23:59:59;1;2024-04-08;2024-04-08 17:21:03
5;Нестерова Феврония Егоровна;yborisova@example.net;ст. Малгобек, наб. Коминтерна, д. 47 стр. 1, 895808;2023-06-25 18:51:12;2023-12-22 18:51:12;0;2023-06-25;2023-06-25 18:51:12
6;Ия Кузьминична Зайцева;amolchanova@example.org;клх Вилюйск, бул. Олега Кошевого, д. 36, 875847;2024-06-17 22:33:08;2024-12-14 22:33:08;0;2024-06-17;2024-06-17 22:33:08
6;Лукия Федоровна Баранова;andreevfirs@example.org;д. Теберда, пер. Автомобилистов, д. 970 к. 58, 702579;2024-10-27 13:23:37;9999-12-31 23:59:59;1;2024-10-27;2024-10-27 13:23:37
7;Тимофеева Прасковья Ниловна;mefodifadeev@example.com;к. Ростов, пр. Луначарского, д. 39, 853398;2025-01-12 19:50:59;2025-07-11 19:50:59;0;2025-01-12;2025-01-12 19:50:59
8;Пантелеймон Богданович Кудрявцев;vasili79@example.org;г. Буйнакск, пр. Деповский, д. 82 к. 7/6, 676585;2023-12-12 12:44:30;2024-06-09 12:44:30;0;2023-12-12;2023-12-12 12:44:30
8;Дьячкова Людмила Оскаровна;uilin@example.org;д. Борзя, пер. Транспортный, д. 4/3 к. 52, 203168;2023-12-10 05:12:53;9999-12-31 23:59:59;1;2023-12-10;2023-12-10 05:12:53
9;Пестова Кира Эльдаровна;mstislav_1991@example.net;п. Усть-Камчатск, ул. Тюленина, д. 947, 953935;2023-07-09 01:27:44;2024-01-05 01:27:44;0;2023-07-09;2023-07-09 01:27:44
10;Исаков Симон Изотович;ereme_2003@example.net;клх Макаров, бул. Беляева, д. 99 стр. 9/8, 679160;2023-11-11 07:14:45;2024-05-09 07:14:45;0;2023-11-11;2023-11-11 07:14:45
10;Аркадий Брониславович Кошелев;porfiri1983@example.net;д. Орел, пр. Степана Разина, д. 6 к. 544, 164829;2023-07-23 18:54:15;9999-12-31 23:59:59;1;2023-07-23;2023-07-23 18:54:15
11;Федот Тихонович Владимиров;roman_1997@example.org;п. Эльбрус, ш. Гастелло, д. 205 к. 69, 062308;2024-01-24 00:20:55;2024-07-22 00:20:55;0;2024-01-24;2024-01-24 00:20:55
12;Уварова Иванна Геннадьевна;svjatopolkribakov@example.net;г. Казань, пер. Фабричный, д. 6 стр. 96, 527653;2024-06-02 11:52:54;2024-11-29 11:52:54;0;2024-06-02;2024-06-02 11:52:54
12;г-жа Ларионова Лидия Ивановна;vsevolod41@example.net;г. Горячий Ключ, пр. Грибоедова, д. 1, 353008;2024-01-07 21:03:25;9999-12-31 23:59:59;1;2024-01-07;2024-01-07 21:03:25
13;Антонов Силантий Терентьевич;zinovevagafon@example.net;клх Киров (Вятка), ул. Степная, д. 5, 284844;2023-08-29 02:47:25;2024-02-25 02:47:25;0;2023-08-29;2023-08-29 02:47:25
14;Алевтина Андреевна Орлова;ogorshkov@example.net;д. Джубга, наб. Линейная, д. 5/8 стр. 1, 517775;2024-04-07 17:11:38;2024-10-04 17:11:38;0;2024-04-07;2024-04-07 17:11:38
14;Влас Яковлевич Калашников;kliment1980@example.com;г. Корсаков, бул. Тукая, д. 645 стр. 7, 808385;2025-03-30 07:10:14;9999-12-31 23:59:59;1;2025-03-30;2025-03-30 07:10:14
15;Горбунова Нонна Афанасьевна;teterinafekla@example.com;к. Внуково (метеост.), ш. Светлое, д. 18, 442462;2023-04-28 15:53:01;2023-10-25 15:53:01;0;2023-04-28;2023-04-28 15:53:01
16;Мухин Данила Афанасьевич;lidija_2001@example.com;д. Невельск, пер. Сосновый, д. 55 к. 76, 409459;2023-11-09 17:52:08;2024-05-07 17:52:08;0;2023-11-09;2023-11-09 17:52:08
16;Котова Вероника Матвеевна;irina_2018@example.org;д. Рославль, пр. Казачий, д. 4, 593823;2023-04-16 04:58:35;9999-12-31 23:59:59;1;2023-04-16;2023-04-16 04:58:35
17;Афанасьев Софон Виленович;nikodim_77@example.org;клх Калуга, ш. Парковое, д. 37 стр. 2/1, 644162;2023-12-30 01:46:13;2024-06-27 01:46:13;0;2023-12-30;2023-12-30 01:46:13
18;Никонов Амвросий Изотович;sinklitikija35@example.net;к. Балашов, наб. Вахитова, д. 962 стр. 74, 398351;2024-09-21 04:38:55;2025-03-20 04:38:55;0;2024-09-21;2024-09-21 04:38:55
18;Лариса Егоровна Куликова;foma_84@example.net;г. Ейск, бул. Терешковой, д. 5, 110380;2023-12-09 18:46:48;9999-12-31 23:59:59;1;2023-12-09;2023-12-09 18:46:48
19;Галина Степановна Кошелева;ekuzmina@example.org;с. Ярославль, наб. Ветеранов, д. 4/5 стр. 6, 284086;2024-10-10 04:02:56;2025-04-08 04:02:56;0;2024-10-10;2024-10-10 04:02:56
20;Иван Елизарович Ефремов;ipat_2006@example.org;д. Верхоянск, алл. Владимирская, д. 4/3, 282231;2024-11-29 20:23:33;2025-05-28 20:23:33;0;2024-11-29;2024-11-29 20:23:33
20;Шарапов Евсей Гордеевич;efremvolkov@example.org;п. Петропавловск-Камчатский, бул. Троицкий, д. 973 стр. 34, 768270;2024-11-03 01:13:34;9999-12-31 23:59:59;1;2024-11-03;2024-11-03 01:13:34
21;Вера Львовна Галкина;dorofe1990@example.net;г. Мирный, пр. М.Горького, д. 9, 650792;2024-01-03 15:23:31;2024-07-01 15:23:31;0;2024-01-03;2024-01-03 15:23:31
22;Молчанов Панфил Бориславович;kornil91@example.net;д. Шенкурск, бул. Гоголя, д. 1 к. 177, 276216;2025-03-14 20:00:22;2025-09-10 20:00:22;0;2025-03-14;2025-03-14 20:00:22
22;Дементьев Андрон Федосьевич;ilinaeleonora@example.net;г. Волгоград, ш. Ударное, д. 660 стр. 57, 566882;2023-07-25 00:19:48;9999-12-31 23:59:59;1;2023-07-25;2023-07-25 00:19:48
23;Казакова Наина Харитоновна;vadimbespalov@example.org;ст. Гаврилов-Ям, алл. Большевистская, д. 550 к. 7/3, 667681;2023-06-01 23:52:58;2023-11-28 23:52:58;0;2023-06-01;2023-06-01 23:52:58
24;Сидоров Гордей Архипович;prohor1974@example.com;клх Коломна, ш. Гастелло, д. 5/7, 541624;2025-02-23 22:26:06;2025-08-22 22:26:06;0;2025-02-23;2025-02-23 22:26:06
24;Элеонора Егоровна Самойлова;arhipmuravev@example.org;клх Серов, пер. 60 лет СССР, д. 321 к. 9, 400790;2023-12-14 05:18:59;9999-12-31 23:59:59;1;2023-12-14;2023-12-14 05:18:59
25;Комаров Парфен Даниилович;serge_60@example.org;п. Сеймчан, наб. Победы, д. 3/3 к. 7/9, 922748;2023-07-05 04:18:04;2024-01-01 04:18:04;0;2023-07-05;2023-07-05 04:18:04
26;г-н Мельников Милий Эдуардович;lnikolaev@example.net;к. Канск, алл. Новгородская, д. 7/8 к. 1/8, 329624;2024-04-26 21:03:07;2024-10-23 21:03:07;0;2024-04-26;2024-04-26 21:03:07
26;Русакова Анжела Эдуардовна;potapovfedosi@example.net;г. Азов (Рост.), наб. Машиностроителей, д. 43 к. 5, 967990;2023-07-28 09:19:10;9999-12-31 23:59:59;1;2023-07-28;2023-07-28 09:19:10
27;Борисова Анжелика Александровна;terentevgerman@example.com;клх Сальск, ш. Совхозное, д. 714 стр. 5, 309232;2024-09-07 06:50:43;2025-03-06 06:50:43;0;2024-09-07;2024-09-07 06:50:43
28;Нинель Святославовна Иванова;shirjaevrodion@example.net;с. Лабинск, алл. 60 лет СССР, д. 7/6 к. 32, 629350;2024-10-20 13:50:02;2025-04-18 13:50:02;0;2024-10-20;2024-10-20 13:50:02
28;Наина Валентиновна Емельянова;tihonovelizar@example.com;к. Химки, пер. Дружба, д. 80, 034410;2023-10-16 04:25:56;9999-12-31 23:59:59;1;2023-10-16;2023-10-16 04:25:56
29;Третьякова Галина Анатольевна;ereme2005@example.net;г. Бомнак, ул. Линейная, д. 7 стр. 8, 870601;2023-08-22 18:40:04;2024-02-18 18:40:04;0;2023-08-22;2023-08-22 18:40:04
30;Смирнов Эмиль Филиппович;provdementev@example.com;ст. Шамары, наб. Заовражная, д. 2 стр. 2, 821365;2025-04-08 03:43:14;2025-10-05 03:43:14;0;2025-04-08;2025-04-08 03:43:14
30;Анна Антоновна Исакова;fokinanatalja@example.com;г. Самара, ш. Химиков, д. 2, 906761;2024-01-07 05:40:08;9999-12-31 23:59:59;1;2024-01-07;2024-01-07 05:40:08
31;Ольга Романовна Павлова;pavel2012@example.org;г. Боровск, наб. Правды, д. 249 к. 995, 635426;2024-11-14 05:05:45;2025-05-13 05:05:45;0;2024-11-14;2024-11-14 05:05:45
32;г-н Соколов Селиверст Гертрудович;averki1991@example.org;с. Ейск, ул. Азина, д. 8/1 к. 107, 158986;2024-09-23 00:40:38;2025-03-22 00:40:38;0;2024-09-23;2024-09-23 00:40:38
32;Горшкова Любовь Олеговна;melnikovaviktorija@example.org;ст. Лесной (Сверд.), пр. Попова, д. 5 к. 636, 423897;2024-08-07 02:08:28;9999-12-31 23:59:59;1;2024-08-07;2024-08-07 02:08:28
33;Михайлов Моисей Антипович;uljan_2010@example.net;п. Нижний Новгород, бул. Большевистский, д. 7 к. 754, 216154;2023-11-24 12:18:16;2024-05-22 12:18:16;0;2023-11-24;2023-11-24 12:18:16
34;Алина Тимофеевна Цветкова;ekondrateva@example.com;ст. Черкесск, ул. 9 мая, д. 7 к. 923, 942438;2025-02-03 19:37:52;2025-08-02 19:37:52;0;2025-02-03;2025-02-03 19:37:52
34;Тарасов Фортунат Изотович;martinovepifan@example.org;п. Железногорск(Курск.), пер. Крупской, д. 343, 956110;2024-10-29 09:31:00;9999-12-31 23:59:59;1;2024-10-29;2024-10-29 09:31:00
35;Цветкова Вероника Ждановна;epifan_2017@example.org;клх Лабинск, бул. Курганный, д. 574, 225368;2024-11-07 12:20:36;2025-05-06 12:20:36;0;2024-11-07;2024-11-07 12:20:36
36;Кулагин Азарий Венедиктович;rjabovasofija@example.org;ст. Аршан (Бурят.), ул. Ленинская, д. 7/3 стр. 2, 828762;2023-11-19 13:43:49;2024-05-17 13:43:49;0;2023-11-19;2023-11-19 13:43:49
36;Бобылев Гордей Борисович;vlas_63@example.com;д. Лысьва, наб. Минина, д. 504 стр. 19, 631589;2025-01-22 19:08:33;9999-12-31 23:59:59;1;2025-01-22;2025-01-22 19:08:33
37;Красильников Мир Викентьевич;agafon2024@example.org;к. Суздаль, алл. Специалистов, д. 61 стр. 84, 199114;2024-03-18 15:31:46;2024-09-14 15:31:46;0;2024-03-18;2024-03-18 15:31:46
38;Наина Архиповна Симонова;lkalashnikov@example.net;п. Елабуга, пер. Главный, д. 6/1 стр. 43, 186953;2025-02-05 11:09:08;2025-08-04 11:09:08;0;2025-02-05;2025-02-05 11:09:08
38;Клавдия Богдановна Павлова;aleksandr_44@example.net;ст. Новороссийка, ш. Коллективное, д. 3, 523681;2025-01-11 12:18:21;9999-12-31 23:59:59;1;2025-01-11;2025-01-11 12:18:21
39;Белозерова Евгения Павловна;cbikov@example.com;клх Торжок, ш. Боровое, д. 99 к. 1/7, 739322;2024-07-18 13:55:20;2025-01-14 13:55:20;0;2024-07-18;2024-07-18 13:55:20
40;Иванна Харитоновна Калашникова;braginserafim@example.com;г. Усть-Кулом, наб. Сплавная, д. 7, 332213;2024-08-17 08:55:29;2025-02-13 08:55:29;0;2024-08-17;2024-08-17 08:55:29
40;Кудряшов Януарий Егорович;safonovnikandr@example.org;ст. Тында, пер. Дорожный, д. 2/8, 689153;2023-07-15 07:50:06;9999-12-31 23:59:59;1;2023-07-15;2023-07-15 07:50:06
41;Сорокина Жанна Кузьминична;cdoronin@example.org;д. Можга, наб. Дарвина, д. 4/3 стр. 25, 258953;2025-03-28 17:12:50;2025-09-24 17:12:50;0;2025-03-28;2025-03-28 17:12:50
42;Степан Арсеньевич Миронов;alazareva@example.com;д. Геленджик, алл. Р.Люксембург, д. 7 стр. 13, 572293;2024-02-10 18:36:09;2024-08-08 18:36:09;0;2024-02-10;2024-02-10 18:36:09
42;Беляков Симон Харлампович;dmitrievkonon@example.org;д. Верхний Уфалей, бул. Металлистов, д. 11, 584846;2024-10-23 06:03:02;9999-12-31 23:59:59;1;2024-10-23;2024-10-23 06:03:02
43;Емельянов Яков Феофанович;tatjana1990@example.net;ст. Уэлен, ул. Придорожная, д. 2/6 к. 95, 346211;2024-10-18 17:50:53;2025-04-16 17:50:53;0;2024-10-18;2024-10-18 17:50:53
44;Куликова Регина Яковлевна;mishinladimir@example.org;д. Тихвин, пр. Гоголя, д. 59, 442821;2023-09-02 19:16:30;2024-02-29 19:16:30;0;2023-09-02;2023-09-02 19:16:30
44;Лариса Афанасьевна Маркова;muravevnarkis@example.com;к. Назрань, пер. Ленинградский, д. 591 к. 88, 115409;2024-03-01 18:24:39;9999-12-31 23:59:59;1;2024-03-01;2024-03-01 18:24:39
45;Кононов Карп Феликсович;stojanfedotov@example.org;с. Долинск, бул. Кирпичный, д. 124 стр. 11, 043262;2025-01-11 18:44:51;2025-07-10 18:44:51;0;2025-01-11;2025-01-11 18:44:51
46;Сысоев Тимур Измаилович;leonti29@example.net;г. Киров (Вятка), пер. Сплавный, д. 90, 413283;2023-07-20 16:39:05;2024-01-16 16:39:05;0;2023-07-20;2023-07-20 16:39:05
46;Орехов Харитон Власович;arseni2000@example.org;д. Хабаровск, наб. 30 лет Победы, д. 388, 292673;2023-07-23 22:18:04;9999-12-31 23:59:59;1;2023-07-23;2023-07-23 22:18:04
47;Фотий Богданович Михеев;erast2020@example.net;с. Березники, алл. Лазурная, д. 78 стр. 8/8, 603883;2023-05-24 11:26:25;2023-11-20 11:26:25;0;2023-05-24;2023-05-24 11:26:25
48;Эмилия Эдуардовна Баранова;roman_1997@example.net;г. Кировск (Мурм.), пер. Пушкина, д. 8/8, 864537;2024-08-26 00:29:18;2025-02-22 00:29:18;0;2024-08-26;2024-08-26 00:29:18
48;тов. Воронцова Мария Наумовна;sigizmund_43@example.net;с. Мелеуз, бул. Кольцова, д. 1/4 стр. 40, 062263;2024-02-18 16:46:19;9999-12-31 23:59:59;1;2024-02-18;2024-02-18 16:46:19
49;Зинаида Сергеевна Алексеева;vera04@example.org;клх Городовиковск, бул. Попова, д. 6 стр. 15, 073426;2024-10-03 12:59:52;2025-04-01 12:59:52;0;2024-10-03;2024-10-03 12:59:52
50;Нинель Валентиновна Коновалова;sofron_01@example.com;д. Магнитогорск, бул. Магистральный, д. 84 к. 3/3, 961204;2025-03-28 12:41:38;2025-09-24 12:41:38;0;2025-03-28;2025-03-28 12:41:38
50;Добромысл Ерофеевич Андреев;romanovairaida@example.com;ст. Смоленск, пер. Крымский, д. 5/2, 415112;2024-09-28 02:33:16;9999-12-31 23:59:59;1;2024-09-28;2024-09-28 02:33:16
51;Лидия Леоновна Харитонова;martin_2003@example.com;к. Люберцы, ш. Лунное, д. 6 стр. 7/3, 380188;2024-11-26 18:22:36;2025-05-25 18:22:36;0;2024-11-26;2024-11-26 18:22:36
52;Харитонов Сергей Гавриилович;demid_64@example.org;клх Бузулук, бул. Лунный, д. 65 стр. 3/3, 118635;2025-03-01 22:28:31;2025-08-28 22:28:31;0;2025-03-01;2025-03-01 22:28:31
52;Дмитриева Лидия Романовна;arhip1995@example.com;ст. Токсово, ул. Рябиновая, д. 10 стр. 165, 100435;2024-01-26 13:11:35;9999-12-31 23:59:59;1;2024-01-26;2024-01-26 13:11:35
53;Куликова Эмилия Афанасьевна;ferapont2002@example.com;г. Александров Гай, ш. Высотное, д. 120, 092631;2024-01-07 12:31:48;2024-07-05 12:31:48;0;2024-01-07;2024-01-07 12:31:48
54;Богданова Виктория Юрьевна;viktor44@example.com;д. Юровск, алл. Юбилейная, д. 7/2, 258817;2023-10-08 18:46:04;2024-04-05 18:46:04;0;2023-10-08;2023-10-08 18:46:04
54;Савва Тарасович Лаврентьев;bsoloveva@example.com;к. Орел, бул. Баумана, д. 93 стр. 6/5, 952573;2024-02-14 09:19:53;9999-12-31 23:59:59;1;2024-02-14;2024-02-14 09:19:53
55;Белоусова Татьяна Рубеновна;lukjankonstantinov@example.com;п. Александровск-Сахалинский, наб. Главная, д. 739, 932601;2023-11-04 17:43:59;2024-05-02 17:43:59;0;2023-11-04;2023-11-04 17:43:59
56;Фадеев Панфил Эдуардович;belousovaakulina@example.org;д. Чусовой, ул. Поперечная, д. 6/2, 403001;2024-02-13 06:39:49;2024-08-11 06:39:49;0;2024-02-13;2024-02-13 06:39:49
56;Мария Юльевна Тетерина;avgust_25@example.org;клх Усть-Камчатск, ул. Березовая, д. 1, 762091;2023-09-25 15:42:05;9999-12-31 23:59:59;1;2023-09-25;2023-09-25 15:42:05
57;Гущин Георгий Геннадиевич;jeliseeva@example.net;клх Дербент, бул. Попова, д. 26 к. 6/2, 645260;2025-01-16 10:10:00;2025-07-15 10:10:00;0;2025-01-16;2025-01-16 10:10:00
58;Куликов Сидор Филиппович;denis56@example.com;д. Мыс Шмидта, ул. Красноярская, д. 855, 920990;2023-08-07 19:33:16;2024-02-03 19:33:16;0;2023-08-07;2023-08-07 19:33:16
58;Федоров Христофор Демидович;bsmirnov@example.org;с. Рубцовск, пер. Казачий, д. 9 стр. 4, 127429;2024-04-13 02:06:24;9999-12-31 23:59:59;1;2024-04-13;2024-04-13 02:06:24
59;Анисимова Евгения Феликсовна;dementevljubomir@example.net;ст. Чита, бул. Калужский, д. 139, 467597;2023-10-12 12:33:39;2024-04-09 12:33:39;0;2023-10-12;2023-10-12 12:33:39
60;Ираклий Глебович Шубин;nvolkova@example.com;д. Бавлы, ш. Театральное, д. 9, 690752;2024-12-14 22:35:38;2025-06-12 22:35:38;0;2024-12-14;2024-12-14 22:35:38
60;Степанов Эрнест Эдгардович;mirguljaev@example.org;с. Советский, ш. Крылова, д. 6/3 стр. 12, 780339;2024-12-25 05:04:36;9999-12-31 23:59:59;1;2024-12-25;2024-12-25 05:04:36
61;Дьячков Андроник Давидович;alla_20@example.net;д. Мокшан, наб. Солнечная, д. 970 к. 4, 658827;2024-09-16 13:34:49;2025-03-15 13:34:49;0;2024-09-16;2024-09-16 13:34:49
62;Оксана Ждановна Евсеева;akimermakov@example.com;д. Москва, ш. Брянское, д. 8 стр. 3/4, 971384;2024-07-23 01:39:57;2025-01-19 01:39:57;0;2024-07-23;2024-07-23 01:39:57
62;Карп Ааронович Зуев;semenovmoke@example.com;с. Пинега, ул. Чкалова, д. 35 к. 47, 701843;2023-08-18 15:41:45;9999-12-31 23:59:59;1;2023-08-18;2023-08-18 15:41:45
63;Цветков Агафон Брониславович;kkonstantinov@example.net;д. Калачинск, ш. Овражное, д. 5/1, 965728;2025-03-02 21:34:43;2025-08-29 21:34:43;0;2025-03-02;2025-03-02 21:34:43
64;Жанна Феликсовна Воронова;nazarovjulian@example.com;к. Мончегорск, ш. 1 Мая, д. 59, 288916;2023-10-08 07:07:50;2024-04-05 07:07:50;0;2023-10-08;2023-10-08 07:07:50
64;Савельев Глеб Аверьянович;efremovborislav@example.net;ст. Якша, пер. Крымский, д. 20 к. 8/3, 344878;2023-11-12 06:48:47;9999-12-31 23:59:59;1;2023-11-12;2023-11-12 06:48:47
65;Амвросий Измаилович Павлов;modest44@example.net;г. Комсомольск-на-Амуре, алл. Чапаева, д. 20 стр. 6/6, 864674;2023-07-31 17:51:16;2024-01-27 17:51:16;0;2023-07-31;2023-07-31 17:51:16
66;Кузнецова Елена Оскаровна;evlampi87@example.net;к. Гремячинск (Перм.), ул. Чернышевского, д. 8/2 к. 4, 418935;2024-06-02 07:17:12;2024-11-29 07:17:12;0;2024-06-02;2024-06-02 07:17:12
66;г-жа Терентьева Ульяна Аскольдовна;bolshakovevstafi@example.org;клх Талдом, наб. Весенняя, д. 624 к. 1, 839525;2024-01-12 04:17:56;9999-12-31 23:59:59;1;2024-01-12;2024-01-12 04:17:56
67;Герасимова Полина Аскольдовна;isakovmiroslav@example.com;с. Печора, бул. Ростовский, д. 601, 542903;2025-02-23 02:56:36;2025-08-22 02:56:36;0;2025-02-23;2025-02-23 02:56:36
68;Андрон Захарьевич Исаев;pimen1989@example.org;ст. Черкесск, ш. Литейное, д. 69, 683880;2023-07-01 10:03:59;2023-12-28 10:03:59;0;2023-07-01;2023-07-01 10:03:59
68;Молчанов Демид Феофанович;bobrovamaja@example.org;клх Бузулук, пер. Февральский, д. 98, 904183;2024-11-13 15:55:39;9999-12-31 23:59:59;1;2024-11-13;2024-11-13 15:55:39
69;Семенов Виталий Валерьевич;arkadi_86@example.net;г. Моздок, ш. Металлистов, д. 4/3, 129346;2023-10-05 21:20:58;2024-04-02 21:20:58;0;2023-10-05;2023-10-05 21:20:58
70;Флорентин Фролович Матвеев;bogdanovmilan@example.com;г. Кизилюрт, алл. Тракторная, д. 1/8, 688443;2023-09-17 07:56:57;2024-03-15 07:56:57;0;2023-09-17;2023-09-17 07:56:57
70;Анастасия Андреевна Прохорова;karp_1993@example.com;клх Томари, наб. Тимирязева, д. 4/4 стр. 4, 160713;2023-12-06 16:15:42;9999-12-31 23:59:59;1;2023-12-06;2023-12-06 16:15:42
71;Леон Иосипович Брагин;arkadi91@example.com;п. Углегорск, ш. Маркса Карла, д. 6 стр. 95, 555486;2023-06-16 23:21:09;2023-12-13 23:21:09;0;2023-06-16;2023-06-16 23:21:09
72;Ермаков Борис Давыдович;nikifor_49@example.net;п. Уэлен, пер. Молодежный, д. 35 к. 19, 178962;2024-12-29 23:36:57;2025-06-27 23:36:57;0;2024-12-29;2024-12-29 23:36:57
72;Иванна Михайловна Капустина;vinogradovaregina@example.net;к. Октябрьское (Челяб.), пер. Коллективный, д. 523, 836908;2024-10-15 06:23:16;9999-12-31 23:59:59;1;2024-10-15;2024-10-15 06:23:16
73;Евгений Алексеевич Кабанов;innokenti25@example.org;ст. Россошь, алл. Терешковой, д. 1 стр. 3, 762791;2023-05-28 21:57:00;2023-11-24 21:57:00;0;2023-05-28;2023-05-28 21:57:00
74;Меркушева Марина Анатольевна;konovalovmina@example.net;к. Гудермес, бул. Воровского, д. 5 к. 8, 556052;2023-11-17 10:54:56;2024-05-15 10:54:56;0;2023-11-17;2023-11-17 10:54:56
74;Гордеев Панкрат Фролович;fominandronik@example.com;к. Томпа, бул. Ореховый, д. 62 стр. 98, 194167;2024-07-10 13:52:16;9999-12-31 23:59:59;1;2024-07-10;2024-07-10 13:52:16
75;Агафья Ильинична Афанасьева;pestovmina@example.org;д. Семлячики, наб. Дорожная, д. 11, 744287;2024-12-14 02:40:06;2025-06-12 02:40:06;0;2024-12-14;2024-12-14 02:40:06
76;Порфирий Ануфриевич Голубев;lihachevguri@example.com;п. Зеленоград, алл. Красногвардейская, д. 336, 919134;2023-05-20 10:27:18;2023-11-16 10:27:18;0;2023-05-20;2023-05-20 10:27:18
76;Полина Ивановна Савина;mili_1977@example.org;п. Ангарск, пер. Фестивальный, д. 221 стр. 5, 092739;2024-11-18 11:15:30;9999-12-31 23:59:59;1;2024-11-18;2024-11-18 11:15:30
77;Калинин Влас Алексеевич;gostomisl_1988@example.net;г. Семлячики, наб. Приморская, д. 427 стр. 908, 889695;2024-11-23 01:17:45;2025-05-22 01:17:45;0;2024-11-23;2024-11-23 01:17:45
78;Кир Еремеевич Лазарев;visheslavshilov@example.com;п. Юрьевец (Иван.), ш. Рябиновое, д. 52, 494222;2023-04-20 19:32:34;2023-10-17 19:32:34;0;2023-04-20;2023-04-20 19:32:34
78;Серафим Ефимьевич Логинов;longin2003@example.org;к. Озеры, ш. Запрудное, д. 844 к. 7/3, 277448;2023-08-27 05:37:35;9999-12-31 23:59:59;1;2023-08-27;2023-08-27 05:37:35
79;Исаков Фома Власович;pimen44@example.net;с. Тура, пер. Прудный, д. 42 к. 9/8, 727135;2024-02-22 10:44:18;2024-08-20 10:44:18;0;2024-02-22;2024-02-22 10:44:18
80;Муравьева Оксана Борисовна;fortunat_77@example.net;ст. Яхрома, ул. Каштановая, д. 2, 246377;2025-03-26 09:54:20;2025-09-22 09:54:20;0;2025-03-26;2025-03-26 09:54:20
80;Иванна Кузьминична Горбачева;evsegurev@example.net;д. Наро-Фоминск, ш. Свободы, д. 862, 764550;2024-06-15 09:07:48;9999-12-31 23:59:59;1;2024-06-15;2024-06-15 09:07:48
81;Зуева Марина Эдуардовна;molchanovjan@example.org;ст. Боровск, наб. Новгородская, д. 2 стр. 2/1, 594865;2024-10-13 14:57:49;2025-04-11 14:57:49;0;2024-10-13;2024-10-13 14:57:49
82;Святополк Фадеевич Дементьев;sokolovamvrosi@example.net;п. Чайковский, наб. Выгонная, д. 70 к. 7, 261012;2024-02-04 08:52:09;2024-08-02 08:52:09;0;2024-02-04;2024-02-04 08:52:09
82;Галина Андреевна Ефремова;shestakovairina@example.com;д. Омск, алл. Донская, д. 211 стр. 789, 935493;2023-11-20 14:36:51;9999-12-31 23:59:59;1;2023-11-20;2023-11-20 14:36:51
83;Молчанов Мокей Ефимьевич;ernstsolovev@example.org;п. Златоуст, алл. Братская, д. 8/8 стр. 999, 467850;2024-12-31 01:59:47;2025-06-29 01:59:47;0;2024-12-31;2024-12-31 01:59:47
84;Петров Алексей Тихонович;feofan_2003@example.org;п. Гремячинск (Бурят.), ш. Снежное, д. 449, 364988;2023-08-06 06:19:04;2024-02-02 06:19:04;0;2023-08-06;2023-08-06 06:19:04
84;Воронцов Игнатий Фёдорович;selivan_2001@example.net;с. Кунгур, алл. Ангарская, д. 1, 528519;2023-08-17 17:35:45;9999-12-31 23:59:59;1;2023-08-17;2023-08-17 17:35:45
85;тов. Устинов Святополк Трифонович;nikandr2012@example.org;ст. Москва, МГУ, наб. Мелиораторов, д. 3/2 к. 914, 957664;2023-09-18 02:23:46;2024-03-16 02:23:46;0;2023-09-18;2023-09-18 02:23:46
86;Степанов Ладислав Алексеевич;sharovizot@example.org;д. Дудинка, алл. Загородная, д. 29 стр. 2/9, 349180;2023-11-20 16:12:09;2024-05-18 16:12:09;0;2023-11-20;2023-11-20 16:12:09
86;Лариса Вячеславовна Сергеева;lazar_2020@example.net;к. Джубга, пер. Ломоносова, д. 139 к. 4/8, 380769;2025-03-06 16:06:53;9999-12-31 23:59:59;1;2025-03-06;2025-03-06 16:06:53
87;Носова Фаина Егоровна;tit60@example.net;с. Долинск, бул. Строителей, д. 2/9 стр. 81, 746245;2023-10-14 07:53:18;2024-04-11 07:53:18;0;2023-10-14;2023-10-14 07:53:18
88;Авксентий Елисеевич Гаврилов;artemevanonna@example.com;п. Ханты-Мансийск, бул. Тульский, д. 9 стр. 7, 389954;2025-01-24 14:00:17;2025-07-23 14:00:17;0;2025-01-24;2025-01-24 14:00:17
88;Иванна Ильинична Лыткина;ifomina@example.org;клх Смоленск, наб. Грибоедова, д. 35 к. 1/1, 122309;2023-12-14 19:04:26;9999-12-31 23:59:59;1;2023-12-14;2023-12-14 19:04:26
89;Евлампий Ильич Куликов;viktorin1975@example.org;к. Одинцово, пр. Николаева, д. 5, 924808;2025-03-14 10:40:36;2025-09-10 10:40:36;0;2025-03-14;2025-03-14 10:40:36
90;Зинаида Эдуардовна Ковалева;viktor_11@example.com;г. Челябинск, пер. Фабричный, д. 3/8, 460795;2023-10-10 10:59:57;2024-04-07 10:59:57;0;2023-10-10;2023-10-10 10:59:57
90;Белов Святослав Ефимьевич;ilarion46@example.org;д. Кулунда, алл. Безымянная, д. 79 к. 4, 874569;2023-09-17 06:24:49;9999-12-31 23:59:59;1;2023-09-17;2023-09-17 06:24:49
91;Жанна Игоревна Горбунова;vishnjakovaakulina@example.org;клх Белый Яр (Томск.), ш. Осенное, д. 6 к. 4/1, 914786;2023-11-05 21:29:21;2024-05-03 21:29:21;0;2023-11-05;2023-11-05 21:29:21
92;Раиса Матвеевна Емельянова;xkornilov@example.net;с. Ямбург, бул. Ветеранов, д. 7, 441841;2025-01-06 14:58:54;2025-07-05 14:58:54;0;2025-01-06;2025-01-06 14:58:54
92;Василий Александрович Лобанов;shcherbakovvladlen@example.org;к. Кедровый, ул. Ленинская, д. 4, 591568;2024-05-14 16:56:31;9999-12-31 23:59:59;1;2024-05-14;2024-05-14 16:56:31
93;Евстигней Виленович Цветков;milovanevseev@example.org;ст. Малоярославец, ул. Котовского, д. 6/6 к. 20, 237392;2023-07-04 18:22:00;2023-12-31 18:22:00;0;2023-07-04;2023-07-04 18:22:00
94;Демид Вилорович Ершов;tvorimir_99@example.org;ст. Корсаков, алл. Маркса Карла, д. 41 стр. 612, 323509;2024-01-18 15:53:30;2024-07-16 15:53:30;0;2024-01-18;2024-01-18 15:53:30
94;Моисеев Сергей Трофимович;borislav20@example.net;к. Махачкала, наб. Украинская, д. 4 стр. 3/5, 137457;2025-04-01 14:16:36;9999-12-31 23:59:59;1;2025-04-01;2025-04-01 14:16:36
95;Крюков Серафим Тимурович;bogdanovtimur@example.com;п. Каменск-Уральский, ул. Волочаевская, д. 126 стр. 472, 583258;2023-07-05 13:57:34;2024-01-01 13:57:34;0;2023-07-05;2023-07-05 13:57:34
96;Ульяна Афанасьевна Лапина;pantelemon28@example.net;ст. Верхнее Пенжино, пр. Розы Люксембург, д. 72 к. 3, 272518;2023-05-27 13:32:30;2023-11-23 13:32:30;0;2023-05-27;2023-05-27 13:32:30
96;Гордей Харлампьевич Агафонов;zhuravlevvladlen@example.com;к. Тотьма, наб. Спортивная, д. 300 к. 815, 825250;2023-09-04 16:41:52;9999-12-31 23:59:59;1;2023-09-04;2023-09-04 16:41:52
97;Родионова Зоя Аркадьевна;akulina_1973@example.org;п. Можайск, ш. 9 мая, д. 99 стр. 1, 440030;2024-09-04 22:42:43;2025-03-03 22:42:43;0;2024-09-04;2024-09-04 22:42:43
98;Мариан Фомич Кононов;nikola80@example.com;д. Морозовск, бул. Трудовой, д. 33 к. 5, 958400;2024-07-01 22:59:22;2024-12-28 22:59:22;0;2024-07-01;2024-07-01 22:59:22
98;Попова Елизавета Тимуровна;mvolkov@example.com;к. Норильск, пр. Народный, д. 34, 040380;2024-05-31 07:20:09;9999-12-31 23:59:59;1;2024-05-31;2024-05-31 07:20:09
99;Казимир Марсович Кошелев;karl85@example.com;с. Кунгур, бул. Новгородский, д. 836 стр. 8/2, 240754;2024-09-14 22:37:46;2025-03-13 22:37:46;0;2024-09-14;2024-09-14 22:37:46
100;Рябов Соломон Григорьевич;konstantin_1976@example.org;к. Чегем, пр. Кольцевой, д. 4, 130735;2025-01-26 04:26:45;2025-07-25 04:26:45;0;2025-01-26;2025-01-26 04:26:45
100;Семенов Азарий Григорьевич;npetuhov@example.org;ст. Черкесск, наб. Морская, д. 15 стр. 15, 719798;2025-04-03 14:49:13;9999-12-31 23:59:59;1;2025-04-03;2025-04-03 14:49:13
101;Кудрявцев Тит Филимонович;afanasialeksandrov@example.org;к. Горно-Алтайск, ш. Мичурина, д. 69 стр. 55, 303471;2024-09-08 06:12:39;2025-03-07 06:12:39;0;2024-09-08;2024-09-08 06:12:39
102;Комиссарова Фёкла Николаевна;dmitri1971@example.net;ст. Салават, наб. Техническая, д. 22 к. 4/3, 852207;2024-08-20 13:18:58;2025-02-16 13:18:58;0;2024-08-20;2024-08-20 13:18:58
102;Христофор Архипович Костин;gerasim80@example.com;с. Сузун, пер. Ленинский, д. 73 к. 90, 242351;2023-07-06 11:44:20;9999-12-31 23:59:59;1;2023-07-06;2023-07-06 11:44:20
103;Синклитикия Геннадиевна Лебедева;foti_04@example.net;г. Котлас, ш. Металлургов, д. 503 к. 8, 064841;2023-12-28 16:11:42;2024-06-25 16:11:42;0;2023-12-28;2023-12-28 16:11:42
104;Субботина Эмилия Никифоровна;guljaevamos@example.net;к. Рязань, бул. Главный, д. 59 к. 16, 498315;2025-03-08 02:04:48;2025-09-04 02:04:48;0;2025-03-08;2025-03-08 02:04:48
104;Туров Платон Архипович;litkinjuli@example.net;д. Нефтегорск (Самар.), наб. Новосельская, д. 1/4, 144743;2023-05-18 09:23:49;9999-12-31 23:59:59;1;2023-05-18;2023-05-18 09:23:49
105;Тимур Виленович Бобров;dobromisl_90@example.net;г. Курчатов, ш. Тельмана, д. 441 к. 2/7, 840337;2024-06-04 23:24:40;2024-12-01 23:24:40;0;2024-06-04;2024-06-04 23:24:40
106;Кондратьев Селиверст Ефимович;feoktist_1987@example.org;д. Тобольск, пер. Геологический, д. 6/6, 791309;2023-07-11 11:27:16;2024-01-07 11:27:16;0;2023-07-11;2023-07-11 11:27:16
106;Зуева Элеонора Максимовна;avdeevepifan@example.org;клх Игнашино, ш. Гафури, д. 9 стр. 33, 665165;2023-09-13 15:31:21;9999-12-31 23:59:59;1;2023-09-13;2023-09-13 15:31:21
107;Олег Ерофеевич Никитин;kazakovfoka@example.com;д. Верхотурье, ул. Широкая, д. 160 к. 902, 448406;2023-04-10 22:14:23;2023-10-07 22:14:23;0;2023-04-10;2023-04-10 22:14:23
108;Геннадий Глебович Шестаков;naina1998@example.org;г. Старый Оскол, пр. Саратовский, д. 85 к. 9, 308872;2023-06-04 21:36:58;2023-12-01 21:36:58;0;2023-06-04;2023-06-04 21:36:58
108;Кириллова Вероника Феликсовна;ostapborisov@example.com;ст. Уфа, ул. Байкальская, д. 655 к. 37, 839227;2024-08-26 01:43:28;9999-12-31 23:59:59;1;2024-08-26;2024-08-26 01:43:28
109;Флорентин Даниилович Николаев;arkadi_2011@example.com;д. Серафимович, алл. Владимирская, д. 9/8 к. 447, 403184;2023-05-05 00:20:14;2023-11-01 00:20:14;0;2023-05-05;2023-05-05 00:20:14
110;Ковалев Фрол Харлампьевич;fevronija1982@example.com;клх Шатура, наб. Олега Кошевого, д. 5/4 к. 66, 049648;2024-04-14 09:17:42;2024-10-11 09:17:42;0;2024-04-14;2024-04-14 09:17:42
110;Муравьев Поликарп Тихонович;konongorbunov@example.org;г. Хасавюрт, наб. Дружбы, д. 1/6 к. 21, 332844;2024-09-02 15:11:40;9999-12-31 23:59:59;1;2024-09-02;2024-09-02 15:11:40
111;Русакова Глафира Викторовна;gromovratibor@example.org;д. Теберда, ул. Красных Партизан, д. 6/3 к. 28, 176360;2023-05-25 01:08:04;2023-11-21 01:08:04;0;2023-05-25;2023-05-25 01:08:04
112;Лидия Юрьевна Воронцова;savva_91@example.net;д. Курчатов, алл. Весенняя, д. 570 стр. 4/4, 513924;2023-04-13 13:24:45;2023-10-10 13:24:45;0;2023-04-13;2023-04-13 13:24:45
112;Клавдий Фокич Хохлов;krjukovorest@example.net;с. Чулым, бул. Инженерный, д. 988 к. 26, 726524;2024-02-27 11:09:19;9999-12-31 23:59:59;1;2024-02-27;2024-02-27 11:09:19
113;Федорова Марфа Вячеславовна;birjukovartem@example.com;г. Елатьма, ш. Рябиновое, д. 9, 309071;2024-03-23 08:14:25;2024-09-19 08:14:25;0;2024-03-23;2024-03-23 08:14:25
114;Овчинникова Синклитикия Романовна;kazimir51@example.com;к. Ангарск, пер. Средний, д. 559 к. 32, 215334;2023-08-10 08:10:30;2024-02-06 08:10:30;0;2023-08-10;2023-08-10 08:10:30
114;Шашков Тихон Арсенович;agafonovkornil@example.net;д. Сузун, алл. Почтовая, д. 18 к. 251, 836957;2025-01-26 02:49:08;9999-12-31 23:59:59;1;2025-01-26;2025-01-26 02:49:08
115;Фёкла Егоровна Шилова;gordesmirnov@example.com;ст. Чегем, наб. Радужная, д. 61, 747039;2023-07-05 13:54:23;2024-01-01 13:54:23;0;2023-07-05;2023-07-05 13:54:23
116;Вениамин Бенедиктович Лазарев;sisoevuljan@example.com;к. Нальчик, ш. Герцена, д. 3/7 стр. 3/9, 964670;2024-09-21 08:12:37;2025-03-20 08:12:37;0;2024-09-21;2024-09-21 08:12:37
116;Виталий Аверьянович Ефимов;larionovajulija@example.com;д. Уссурийск, бул. Средний, д. 1 к. 55, 788309;2024-08-29 13:02:36;9999-12-31 23:59:59;1;2024-08-29;2024-08-29 13:02:36
117;Селиверст Трифонович Фокин;margarita2005@example.net;п. Королев, пр. Рязанский, д. 7/3 стр. 953, 258653;2024-12-08 14:32:29;2025-06-06 14:32:29;0;2024-12-08;2024-12-08 14:32:29
118;Колесников Модест Гавриилович;alekse12@example.net;п. Октябрьское (Челяб.), пер. Черноморский, д. 92 стр. 81, 881709;2023-12-27 15:26:35;2024-06-24 15:26:35;0;2023-12-27;2023-12-27 15:26:35
118;Воронцов Трифон Фёдорович;gennadi2007@example.org;к. Октябрьское (Челяб.), бул. Южный, д. 7/1, 558286;2024-03-04 05:35:54;9999-12-31 23:59:59;1;2024-03-04;2024-03-04 05:35:54
119;Сократ Еремеевич Титов;trifonuvarov@example.net;г. Верхний Тагил, пр. Красноармейский, д. 409 стр. 7/6, 200097;2023-05-03 19:06:13;2023-10-30 19:06:13;0;2023-05-03;2023-05-03 19:06:13
120;Акулина Максимовна Филатова;ckolobov@example.com;д. Бреды, ш. М.Горького, д. 34 стр. 672, 165598;2024-07-13 16:29:58;2025-01-09 16:29:58;0;2024-07-13;2024-07-13 16:29:58
120;Михеев Корнил Иларионович;nkolobov@example.net;п. Магадан, ул. Тополиная, д. 783 стр. 923, 683727;2024-01-08 15:15:20;9999-12-31 23:59:59;1;2024-01-08;2024-01-08 15:15:20
121;Исакова Светлана Святославовна;mihail2013@example.com;ст. Александровск, пр. Главный, д. 392 к. 2, 890274;2023-08-18 03:01:25;2024-02-14 03:01:25;0;2023-08-18;2023-08-18 03:01:25
122;Александрова Эмилия Федоровна;tihon1975@example.org;п. Новочеркасск, наб. Речная, д. 2 к. 708, 382664;2023-07-27 14:18:30;2024-01-23 14:18:30;0;2023-07-27;2023-07-27 14:18:30
122;Агафон Архипович Григорьев;emeljan1986@example.com;ст. Александровск, пр. Рязанский, д. 213, 729371;2024-05-25 15:15:47;9999-12-31 23:59:59;1;2024-05-25;2024-05-25 15:15:47
123;Маргарита Михайловна Антонова;azari_28@example.com;п. Дмитров, ул. Волочаевская, д. 8/5 стр. 7, 479263;2024-02-01 23:49:04;2024-07-30 23:49:04;0;2024-02-01;2024-02-01 23:49:04
124;Корнилов Гремислав Фёдорович;sigizmundnazarov@example.com;клх Саров (Морд.), пер. Хвойный, д. 67 стр. 6/8, 382127;2024-04-26 12:42:25;2024-10-23 12:42:25;0;2024-04-26;2024-04-26 12:42:25
124;Харитонова Глафира Михайловна;harlampi01@example.com;ст. Сухиничи, пр. Тамбовский, д. 68 к. 67, 612287;2024-12-27 04:41:04;9999-12-31 23:59:59;1;2024-12-27;2024-12-27 04:41:04
125;Евпраксия Вячеславовна Шубина;evgenija94@example.org;с. Норильск, пр. Орджоникидзе, д. 674 к. 210, 688429;2024-11-10 00:09:58;2025-05-09 00:09:58;0;2024-11-10;2024-11-10 00:09:58
126;Кир Ефстафьевич Иванов;valentina19@example.com;клх Курильск, бул. Тимирязева, д. 4, 047782;2023-08-12 21:56:43;2024-02-08 21:56:43;0;2023-08-12;2023-08-12 21:56:43
126;Алевтина Макаровна Данилова;belovdobromisl@example.net;клх Камень-на-Оби, ул. Западная, д. 709, 372970;2023-05-24 12:57:18;9999-12-31 23:59:59;1;2023-05-24;2023-05-24 12:57:18
127;Суворов Наум Ерофеевич;teterinstanimir@example.org;д. Усть-Катав, бул. Ленинский, д. 97, 755363;2024-08-22 01:07:05;2025-02-18 01:07:05;0;2024-08-22;2024-08-22 01:07:05
128;Эммануил Ефремович Никитин;evfrosinija_92@example.net;п. Котельнич, ш. Шахтерское, д. 40, 952147;2024-06-21 19:41:47;2024-12-18 19:41:47;0;2024-06-21;2024-06-21 19:41:47
128;Юдина Милица Ивановна;phohlov@example.com;п. Адыгейск, пр. Цветочный, д. 109, 032662;2023-08-08 19:44:20;9999-12-31 23:59:59;1;2023-08-08;2023-08-08 19:44:20
129;Вероника Кирилловна Давыдова;vera1972@example.net;клх Ейск, алл. Средняя, д. 2 стр. 63, 826470;2024-12-12 19:28:45;2025-06-10 19:28:45;0;2024-12-12;2024-12-12 19:28:45
130;Дорофеев Дорофей Борисович;sofron84@example.org;г. Белогорск (Амур.), бул. Приморский, д. 9, 837879;2024-03-09 18:55:07;2024-09-05 18:55:07;0;2024-03-09;2024-03-09 18:55:07
130;Иванна Романовна Маслова;izjaslav2013@example.org;к. Сладково, пр. Кольцевой, д. 673 к. 6/2, 512786;2024-03-30 07:16:32;9999-12-31 23:59:59;1;2024-03-30;2024-03-30 07:16:32
131;Ким Артемьевич Степанов;lukamartinov@example.net;клх Губкинский, пр. Осенний, д. 4/8 стр. 7/7, 980391;2023-06-21 15:46:19;2023-12-18 15:46:19;0;2023-06-21;2023-06-21 15:46:19
132;Гедеон Анисимович Авдеев;fchernov@example.net;с. Шенкурск, ул. Геологическая, д. 1 к. 307, 352032;2024-10-26 13:41:03;2025-04-24 13:41:03;0;2024-10-26;2024-10-26 13:41:03
132;Анисимова Евфросиния Львовна;ytrofimov@example.com;ст. Кяхта, ул. Ворошилова, д. 4/4 к. 5/3, 086480;2023-06-13 00:10:12;9999-12-31 23:59:59;1;2023-06-13;2023-06-13 00:10:12
133;Аким Матвеевич Гордеев;leonti_1973@example.com;п. Калачинск, ул. Тюленина, д. 6 к. 8, 812788;2024-10-10 16:39:43;2025-04-08 16:39:43;0;2024-10-10;2024-10-10 16:39:43
134;Моисеев Карл Александрович;veselovkim@example.com;с. Балашиха, пер. Космонавтов, д. 46, 543479;2023-12-09 18:57:53;2024-06-06 18:57:53;0;2023-12-09;2023-12-09 18:57:53
134;Ярополк Иосипович Виноградов;kim_17@example.org;к. Енисейск, ш. Калинина, д. 1 стр. 5/8, 660433;2023-06-18 19:12:41;9999-12-31 23:59:59;1;2023-06-18;2023-06-18 19:12:41
135;Симонова Агафья Владиславовна;solovevmakar@example.net;п. Пушкин, ул. Журавлева, д. 4 к. 5/9, 926386;2023-08-17 01:37:25;2024-02-13 01:37:25;0;2023-08-17;2023-08-17 01:37:25
136;Тимофей Иосипович Николаев;kuprijan1997@example.com;г. Тайшет, бул. Пожарского, д. 3, 101370;2023-05-09 18:15:31;2023-11-05 18:15:31;0;2023-05-09;2023-05-09 18:15:31
136;Кудрявцев Аким Бориславович;ulazareva@example.org;клх Кызыл, ш. Овражное, д. 37 стр. 2/1, 344826;2023-10-27 03:41:05;9999-12-31 23:59:59;1;2023-10-27;2023-10-27 03:41:05
137;Евсеев Остромир Владиленович;orlovamilitsa@example.net;д. Лазаревское, алл. Ольховая, д. 962 к. 5/1, 839205;2024-01-20 00:28:18;2024-07-18 00:28:18;0;2024-01-20;2024-01-20 00:28:18
138;Ратмир Герасимович Крылов;varlaam_2018@example.org;г. Александровск-Сахалинский, бул. Коммунистический, д. 7/4 стр. 8/9, 239162;2023-05-19 01:00:20;2023-11-15 01:00:20;0;2023-05-19;2023-05-19 01:00:20
138;Потап Бориславович Силин;vasili_2004@example.net;с. Таганрог, ш. Школьное, д. 16, 056559;2023-12-26 10:05:09;9999-12-31 23:59:59;1;2023-12-26;2023-12-26 10:05:09
139;Воронцов Федор Исидорович;kudrjashovtrifon@example.net;клх Верхний Уфалей, бул. Больничный, д. 197, 782516;2023-08-24 15:58:39;2024-02-20 15:58:39;0;2023-08-24;2023-08-24 15:58:39
140;Красильников Семен Викентьевич;zuevaangelina@example.org;г. Нарым, ш. Пархоменко, д. 9/7 к. 8, 547556;2024-01-15 05:49:28;2024-07-13 05:49:28;0;2024-01-15;2024-01-15 05:49:28
140;Казакова Наталья Евгеньевна;kulikovagalina@example.net;ст. Джейрах, ш. Рыбацкое, д. 262 к. 289, 113806;2023-06-14 13:23:03;9999-12-31 23:59:59;1;2023-06-14;2023-06-14 13:23:03
141;Евстафий Иларионович Большаков;guri30@example.org;ст. Находка, алл. 30 лет Победы, д. 96 к. 2/9, 648185;2023-11-04 02:17:40;2024-05-02 02:17:40;0;2023-11-04;2023-11-04 02:17:40
142;Ираида Вячеславовна Николаева;ladislavkonovalov@example.org;клх Тында, ш. Лесное, д. 5/7 к. 8, 701907;2024-10-10 13:49:53;2025-04-08 13:49:53;0;2024-10-10;2024-10-10 13:49:53
142;Брагин Сила Валерьянович;isa1987@example.net;г. Камень-на-Оби, ул. Азина, д. 8, 247399;2023-11-26 13:51:01;9999-12-31 23:59:59;1;2023-11-26;2023-11-26 13:51:01
143;Прокофий Гордеевич Михеев;platon_08@example.net;ст. Кропоткин (Краснод.), наб. Курганная, д. 7 стр. 5/8, 227708;2023-05-01 22:44:01;2023-10-28 22:44:01;0;2023-05-01;2023-05-01 22:44:01
144;Никифоров Игорь Ермолаевич;andre_2004@example.net;с. Тамбей, ш. Запрудное, д. 32 стр. 6, 055238;2024-06-05 21:35:17;2024-12-02 21:35:17;0;2024-06-05;2024-06-05 21:35:17
144;Дорофеева Таисия Петровна;afanasevanatalja@example.org;к. Сортавала, ул. Крылова, д. 7/1 стр. 3/6, 203168;2025-01-22 13:02:24;9999-12-31 23:59:59;1;2025-01-22;2025-01-22 13:02:24
145;Раиса Яковлевна Власова;leonti00@example.org;с. Фатеж, ул. Ватутина, д. 4 стр. 6, 717718;2024-12-02 22:25:10;2025-05-31 22:25:10;0;2024-12-02;2024-12-02 22:25:10
146;Константинов Кир Жоресович;valentinfedotov@example.net;п. Красноселькуп, пр. Советов, д. 8/8 к. 57, 178966;2023-08-24 05:58:27;2024-02-20 05:58:27;0;2023-08-24;2023-08-24 05:58:27
146;Игнатьева Милица Егоровна;ovchinnikovnikanor@example.com;с. Белгород, ш. Школьное, д. 74 к. 9, 922624;2023-08-15 08:03:38;9999-12-31 23:59:59;1;2023-08-15;2023-08-15 08:03:38
147;Панкратий Бориславович Захаров;osip01@example.net;ст. Холмогоры, пер. Юности, д. 4/4 стр. 918, 778138;2023-12-24 17:00:51;2024-06-21 17:00:51;0;2023-12-24;2023-12-24 17:00:51
148;Елизар Эдгардович Мишин;georgi1984@example.net;д. Переславль-Залесский, ш. З.Космодемьянской, д. 62 стр. 3, 551873;2024-08-06 10:33:30;2025-02-02 10:33:30;0;2024-08-06;2024-08-06 10:33:30
148;Жанна Григорьевна Пономарева;ckrasilnikova@example.com;п. Цимлянск, пер. Шмидта, д. 30 к. 7, 482204;2024-11-24 08:51:36;9999-12-31 23:59:59;1;2024-11-24;2024-11-24 08:51:36
149;Ермил Дмитриевич Фомичев;vladimir_1977@example.net;п. Кабанск, алл. Нижняя, д. 9/6 стр. 48, 679611;2024-01-12 21:48:01;2024-07-10 21:48:01;0;2024-01-12;2024-01-12 21:48:01
150;Данила Васильевич Королев;ruslan75@example.net;п. Нарьян-Мар, ш. Красногвардейское, д. 1 к. 6, 839471;2023-06-06 23:40:01;2023-12-03 23:40:01;0;2023-06-06;2023-06-06 23:40:01
150;Алина Константиновна Шестакова;titovjuri@example.org;п. Черняховск, пер. Киевский, д. 482 стр. 1/4, 268564;2025-03-17 02:36:38;9999-12-31 23:59:59;1;2025-03-17;2025-03-17 02:36:38
151;Ирина Аскольдовна Лыткина;nikonbobilev@example.net;к. Серпухов, бул. Кубанский, д. 553 стр. 827, 551157;2025-02-26 00:11:24;2025-08-25 00:11:24;0;2025-02-26;2025-02-26 00:11:24
152;Князев Христофор Виленович;bikovprov@example.com;с. Осташков, пер. Сельский, д. 840 стр. 2, 682318;2023-12-03 13:42:03;2024-05-31 13:42:03;0;2023-12-03;2023-12-03 13:42:03
152;Ковалева Варвара Степановна;terentiustinov@example.com;к. Кетченеры, бул. Краснознаменный, д. 2 стр. 85, 033762;2024-06-19 04:21:31;9999-12-31 23:59:59;1;2024-06-19;2024-06-19 04:21:31
153;Емельян Витальевич Яковлев;kuprijanvoronov@example.org;с. Кропоткин (Краснод.), бул. Высоцкого, д. 60 стр. 3/1, 460736;2023-05-27 14:20:37;2023-11-23 14:20:37;0;2023-05-27;2023-05-27 14:20:37
154;Надежда Болеславовна Лебедева;silaturov@example.net;к. Чулым, пр. Волгоградский, д. 7 к. 41, 821840;2023-12-19 19:18:21;2024-06-16 19:18:21;0;2023-12-19;2023-12-19 19:18:21
154;Вишняков Дорофей Теймуразович;lebedevagalina@example.net;клх Петропавловск-Камчатский, пер. Ясный, д. 592 стр. 25, 205707;2024-03-13 00:14:06;9999-12-31 23:59:59;1;2024-03-13;2024-03-13 00:14:06
155;Синклитикия Юрьевна Савина;gordeevairaida@example.org;ст. Шелагонцы, пр. Школьный, д. 92 к. 1/8, 696845;2024-07-05 19:28:02;2025-01-01 19:28:02;0;2024-07-05;2024-07-05 19:28:02
156;Дорофеев Эраст Власович;vikenti_12@example.org;д. Апатиты, пр. Кавказский, д. 81 к. 5/5, 082625;2024-08-12 20:25:27;2025-02-08 20:25:27;0;2024-08-12;2024-08-12 20:25:27
156;Лебедева Тамара Альбертовна;miroslav64@example.org;п. Сусуман, бул. Максима Горького, д. 8, 939857;2023-04-30 01:26:36;9999-12-31 23:59:59;1;2023-04-30;2023-04-30 01:26:36
157;Аверьян Зиновьевич Пахомов;chernovnikita@example.org;п. Курган, алл. Пригородная, д. 2/9, 757383;2023-12-22 09:24:07;2024-06-19 09:24:07;0;2023-12-22;2023-12-22 09:24:07
158;Шарова Элеонора Наумовна;sharovaagafja@example.org;п. Новомичуринск, ул. Стахановская, д. 3 стр. 11, 997181;2023-04-17 21:23:08;2023-10-14 21:23:08;0;2023-04-17;2023-04-17 21:23:08
158;Авдеева Таисия Романовна;akim_1986@example.org;д. Чусовой, наб. Мелиоративная, д. 3 стр. 11, 966284;2025-01-06 21:16:47;9999-12-31 23:59:59;1;2025-01-06;2025-01-06 21:16:47
159;Лазарев Тимофей Арсенович;elizaveta_03@example.com;г. Невинномысск, пр. Суворова, д. 79 к. 47, 022764;2024-03-15 08:00:23;2024-09-11 08:00:23;0;2024-03-15;2024-03-15 08:00:23
160;Лаврентий Герасимович Суханов;vjacheslavchernov@example.net;д. Кингисепп, бул. Дружбы, д. 3 стр. 614, 088041;2025-03-19 14:00:32;2025-09-15 14:00:32;0;2025-03-19;2025-03-19 14:00:32
160;Антонина Егоровна Маслова;sofron_1976@example.net;п. Устюжна, ш. Мелиоративное, д. 4 стр. 31, 841487;2024-08-15 22:16:50;9999-12-31 23:59:59;1;2024-08-15;2024-08-15 22:16:50
161;Вениамин Трофимович Филиппов;matveromanov@example.com;п. Абакан, алл. Казачья, д. 395 стр. 428, 094426;2023-11-17 12:23:46;2024-05-15 12:23:46;0;2023-11-17;2023-11-17 12:23:46
162;Сазонова Василиса Григорьевна;ziminapraskovja@example.org;с. Шилка, наб. Урицкого, д. 958 стр. 9/3, 868737;2023-08-19 01:54:07;2024-02-15 01:54:07;0;2023-08-19;2023-08-19 01:54:07
162;Екатерина Владиславовна Голубева;kirillovprokofi@example.org;д. Макаров, наб. Нахимова, д. 9/1 стр. 6/8, 955661;2023-11-25 15:10:37;9999-12-31 23:59:59;1;2023-11-25;2023-11-25 15:10:37
163;Лыткин Гремислав Аверьянович;wbespalov@example.com;г. Октябрьское (Челяб.), пр. Главный, д. 66, 654218;2023-10-11 09:53:33;2024-04-08 09:53:33;0;2023-10-11;2023-10-11 09:53:33
164;Венедикт Эдуардович Авдеев;gordeevaregina@example.com;д. Москва, МГУ, ул. Красноармейская, д. 7/8, 647643;2025-03-04 08:01:02;2025-08-31 08:01:02;0;2025-03-04;2025-03-04 08:01:02
164;Соловьева Агафья Владимировна;sofronabramov@example.org;ст. Камышлов, пер. Гагарина, д. 9 к. 212, 414920;2024-11-17 00:14:52;9999-12-31 23:59:59;1;2024-11-17;2024-11-17 00:14:52
165;Леон Харлампьевич Соболев;bogdanovvadim@example.com;д. Мичуринск, ул. Машиностроителей, д. 122 к. 37, 154628;2024-10-03 12:59:07;2025-04-01 12:59:07;0;2024-10-03;2024-10-03 12:59:07
166;Ситников Селиверст Данилович;oseliverstov@example.net;п. Одинцово, наб. Космическая, д. 6 к. 310, 016227;2023-10-11 02:19:57;2024-04-08 02:19:57;0;2023-10-11;2023-10-11 02:19:57
166;Савва Марсович Горбунов;guljaevaekaterina@example.com;клх Шилка, пр. Путевой, д. 502 стр. 5, 109085;2024-06-04 20:39:47;9999-12-31 23:59:59;1;2024-06-04;2024-06-04 20:39:47
167;Семен Тарасович Ермаков;gremislav_45@example.com;к. Красная Поляна, алл. Пирогова, д. 45 стр. 86, 000090;2024-10-10 09:24:19;2025-04-08 09:24:19;0;2024-10-10;2024-10-10 09:24:19
168;Марк Иларионович Князев;kuprijan_80@example.org;д. Тверь, алл. Городская, д. 893 к. 306, 624923;2023-12-25 02:07:30;2024-06-22 02:07:30;0;2023-12-25;2023-12-25 02:07:30
168;Денисова Нонна Михайловна;panfil32@example.com;п. Хатанга, ул. Поперечная, д. 11, 754390;2023-09-07 01:02:22;9999-12-31 23:59:59;1;2023-09-07;2023-09-07 01:02:22
169;Ангелина Аскольдовна Федорова;anatoli_60@example.org;с. Тарко-Сале, бул. Загородный, д. 8 стр. 3, 492772;2024-05-29 04:52:53;2024-11-25 04:52:53;0;2024-05-29;2024-05-29 04:52:53
170;Анастасия Семеновна Ильина;foti_2019@example.org;д. Россошь, ш. Аэродромное, д. 8, 761695;2023-07-29 19:03:24;2024-01-25 19:03:24;0;2023-07-29;2023-07-29 19:03:24
170;Октябрина Алексеевна Виноградова;samuil_1974@example.com;п. Ухта, наб. Крупской, д. 54 стр. 52, 408029;2023-11-11 19:03:54;9999-12-31 23:59:59;1;2023-11-11;2023-11-11 19:03:54
171;Рогова Жанна Владиславовна;komissarovfade@example.com;ст. Листвянка (Иркут.), наб. Приозерная, д. 770 к. 6/3, 011743;2024-10-11 11:47:13;2025-04-09 11:47:13;0;2024-10-11;2024-10-11 11:47:13
172;Федотова Зоя Алексеевна;akulina_2000@example.com;клх Костомукша, пер. Тургенева, д. 5/6, 221015;2023-10-17 22:39:20;2024-04-14 22:39:20;0;2023-10-17;2023-10-17 22:39:20
172;Лидия Владимировна Суханова;oktjabrina_33@example.org;г. Хужир, пр. Крымский, д. 9 к. 67, 212235;2023-07-27 20:34:18;9999-12-31 23:59:59;1;2023-07-27;2023-07-27 20:34:18
173;Надежда Яковлевна Авдеева;mamontovakira@example.com;клх Пушкин, пр. Строительный, д. 2 стр. 2, 911703;2024-10-05 22:51:06;2025-04-03 22:51:06;0;2024-10-05;2024-10-05 22:51:06
174;Никифоров Остап Архипович;kapustinjakov@example.org;д. Артем, наб. Мира, д. 887 стр. 45, 573754;2023-06-10 22:43:18;2023-12-07 22:43:18;0;2023-06-10;2023-06-10 22:43:18
174;Ипатий Ааронович Попов;ilarion1998@example.net;ст. Чермоз, бул. Народный, д. 22 стр. 5/6, 927068;2024-01-17 11:37:04;9999-12-31 23:59:59;1;2024-01-17;2024-01-17 11:37:04
175;Михеева Дарья Архиповна;korolevazinaida@example.com;с. Дагомыс, пр. Ленинский, д. 78 к. 3, 569659;2023-08-23 16:07:08;2024-02-19 16:07:08;0;2023-08-23;2023-08-23 16:07:08
176;Феофан Арсенович Мухин;pankrat_32@example.org;клх Артем, пр. Западный, д. 3/9, 795559;2023-07-08 06:32:57;2024-01-04 06:32:57;0;2023-07-08;2023-07-08 06:32:57
176;Лихачева Варвара Матвеевна;bgurev@example.com;ст. Грозный, бул. М.Горького, д. 508 к. 8, 602270;2023-05-19 19:43:05;9999-12-31 23:59:59;1;2023-05-19;2023-05-19 19:43:05
177;Трофимов Любомир Федотович;saveli2011@example.net;п. Калач, алл. Ручейная, д. 761 стр. 3/8, 622899;2024-05-03 01:46:27;2024-10-30 01:46:27;0;2024-05-03;2024-05-03 01:46:27
178;Галина Захаровна Суханова;veronika_1972@example.net;г. Сузун, ш. Карла Маркса, д. 54 к. 996, 109293;2023-08-11 12:47:20;2024-02-07 12:47:20;0;2023-08-11;2023-08-11 12:47:20
178;Алевтина Васильевна Прохорова;gerasim10@example.org;к. Уфа, бул. Братский, д. 185 стр. 2/5, 196494;2024-09-01 07:36:52;9999-12-31 23:59:59;1;2024-09-01;2024-09-01 07:36:52
179;Полина Рудольфовна Калинина;apollinari_96@example.net;д. Осташков, пр. Королева, д. 62 к. 89, 480932;2024-04-27 09:38:40;2024-10-24 09:38:40;0;2024-04-27;2024-04-27 09:38:40
180;Любим Филатович Бобров;pestovmiroslav@example.org;п. Лодейное Поле, наб. Севастопольская, д. 8 стр. 550, 717849;2023-06-14 00:27:45;2023-12-11 00:27:45;0;2023-06-14;2023-06-14 00:27:45
180;Ульяна Наумовна Антонова;belousovakira@example.com;п. Вытегра, бул. Восточный, д. 592 стр. 8, 808109;2024-02-13 06:27:30;9999-12-31 23:59:59;1;2024-02-13;2024-02-13 06:27:30
181;Дьячкова Иванна Сергеевна;davidovaija@example.net;ст. Лысьва, ул. Вокзальная, д. 6/2 к. 98, 033879;2025-04-08 18:38:36;2025-10-05 18:38:36;0;2025-04-08;2025-04-08 18:38:36
182;Матвеева Нонна Робертовна;tit_2000@example.com;ст. Калининград, ул. Донская, д. 66 стр. 95, 415453;2024-06-11 00:58:24;2024-12-08 00:58:24;0;2024-06-11;2024-06-11 00:58:24
182;Милица Андреевна Костина;konovalovaverjan@example.org;клх Кисловодск, бул. Пархоменко, д. 779 стр. 50, 221142;2023-12-22 05:38:32;9999-12-31 23:59:59;1;2023-12-22;2023-12-22 05:38:32
183;Аверкий Гаврилович Белов;bogdanovnarkis@example.com;п. Майкоп, ул. Вавилова, д. 8 к. 6, 919389;2024-06-19 00:56:08;2024-12-16 00:56:08;0;2024-06-19;2024-06-19 00:56:08
184;Владислав Валерьянович Шаров;panfilburov@example.com;п. Йошкар-Ола, ш. 50 лет Октября, д. 95 стр. 7, 171975;2024-09-20 05:14:11;2025-03-19 05:14:11;0;2024-09-20;2024-09-20 05:14:11
184;Воробьева Ульяна Яковлевна;pimen1996@example.net;п. Лодейное Поле, ул. Партизанская, д. 60 стр. 4, 152099;2024-01-22 09:22:13;9999-12-31 23:59:59;1;2024-01-22;2024-01-22 09:22:13
185;Архип Матвеевич Сергеев;xartemev@example.net;с. Карабулак, ул. Краснофлотская, д. 9/4 к. 7, 502720;2025-02-28 15:07:21;2025-08-27 15:07:21;0;2025-02-28;2025-02-28 15:07:21
186;Леонид Афанасьевич Цветков;afanasevkazimir@example.org;к. Павловская, алл. Ростовская, д. 7 к. 77, 400350;2024-09-27 07:49:41;2025-03-26 07:49:41;0;2024-09-27;2024-09-27 07:49:41
186;Алла Валериевна Дементьева;apollinari_31@example.com;к. Усть-Ишим, ш. Разина, д. 4, 611010;2023-10-03 04:58:09;9999-12-31 23:59:59;1;2023-10-03;2023-10-03 04:58:09
187;Симон Евсеевич Галкин;artemizhuravlev@example.com;г. Тутончаны, ш. Рязанское, д. 9/4, 879726;2023-11-18 08:00:37;2024-05-16 08:00:37;0;2023-11-18;2023-11-18 08:00:37
188;Владлен Адрианович Гущин;fortunat2001@example.net;с. Курган, бул. Комарова, д. 9 стр. 17, 220190;2023-05-30 00:12:09;2023-11-26 00:12:09;0;2023-05-30;2023-05-30 00:12:09
188;Марина Петровна Меркушева;sokolovanaina@example.com;ст. Бодайбо, пр. 70 лет Октября, д. 5 стр. 8, 977627;2024-12-26 19:07:25;9999-12-31 23:59:59;1;2024-12-26;2024-12-26 19:07:25
189;Емельянова Мария Болеславовна;mihalovaakulina@example.com;п. Видное, ш. Королева, д. 9, 952050;2023-05-08 19:23:44;2023-11-04 19:23:44;0;2023-05-08;2023-05-08 19:23:44
190;Маслов Фрол Ефремович;moke_2006@example.com;к. Кисловодск, пр. Угольный, д. 5 стр. 7, 723924;2025-01-16 04:52:41;2025-07-15 04:52:41;0;2025-01-16;2025-01-16 04:52:41
190;Светлана Яковлевна Кабанова;zhuravlevbojan@example.net;клх Онега, ул. Прудовая, д. 1 к. 4, 972057;2024-10-01 22:56:04;9999-12-31 23:59:59;1;2024-10-01;2024-10-01 22:56:04
191;Климент Владиленович Миронов;lukija_96@example.com;к. Вытегра, ул. Курская, д. 959 стр. 6/6, 202155;2024-03-11 09:23:28;2024-09-07 09:23:28;0;2024-03-11;2024-03-11 09:23:28
192;Носов Трифон Федосьевич;bazhen91@example.com;клх Псебай, ул. Совхозная, д. 123, 434407;2024-02-05 22:42:23;2024-08-03 22:42:23;0;2024-02-05;2024-02-05 22:42:23
192;Беляков Амос Брониславович;vlasovamaja@example.com;с. Аргаяш, ул. Карбышева, д. 5/1 к. 7/5, 831034;2023-10-17 21:22:46;9999-12-31 23:59:59;1;2023-10-17;2023-10-17 21:22:46
193;Кудрявцев Аскольд Брониславович;vorobevgavrila@example.org;клх Бронницы, пр. Механизаторов, д. 933 к. 6, 366640;2024-02-07 14:51:06;2024-08-05 14:51:06;0;2024-02-07;2024-02-07 14:51:06
194;Анастасия Архиповна Филиппова;ostromir88@example.com;с. Бреды, наб. Льва Толстого, д. 95 стр. 5, 346662;2023-10-21 01:58:20;2024-04-18 01:58:20;0;2023-10-21;2023-10-21 01:58:20
194;Матвеева Марфа Оскаровна;kapiton1985@example.net;д. Саранск, ул. Гражданская, д. 833, 016188;2023-07-09 13:51:47;9999-12-31 23:59:59;1;2023-07-09;2023-07-09 13:51:47
195;Нифонт Матвеевич Захаров;venedikt_2020@example.org;ст. Плесецк, наб. Октября, д. 4 к. 589, 701809;2023-09-14 18:40:54;2024-03-12 18:40:54;0;2023-09-14;2023-09-14 18:40:54
196;Виноградова Евгения Леонидовна;prokl_1996@example.org;с. Приморско-Ахтарск, бул. Монтажников, д. 769 стр. 852, 105356;2024-02-09 18:54:05;2024-08-07 18:54:05;0;2024-02-09;2024-02-09 18:54:05
196;Баранов Эраст Харлампьевич;vsevolodkonstantinov@example.org;г. Радужный, пер. Профсоюзный, д. 5, 544672;2024-05-16 11:34:33;9999-12-31 23:59:59;1;2024-05-16;2024-05-16 11:34:33
197;Авдеев Фотий Ермилович;nikifor1988@example.org;клх Юрьевец (Иван.), алл. Васильковая, д. 37 к. 16, 213816;2023-10-15 10:01:58;2024-04-12 10:01:58;0;2023-10-15;2023-10-15 10:01:58
198;Лебедев Глеб Евстигнеевич;militsa2017@example.net;г. Красновишерск, пр. Заозерный, д. 95 стр. 1/1, 953941;2025-01-09 16:40:47;2025-07-08 16:40:47;0;2025-01-09;2025-01-09 16:40:47
198;Мир Терентьевич Русаков;juvenali_71@example.net;п. Юрьевец (Иван.), ш. Орловское, д. 1/6 к. 8, 547742;2023-10-31 00:01:54;9999-12-31 23:59:59;1;2023-10-31;2023-10-31 00:01:54
199;Симонова Антонина Артемовна;ljubim34@example.net;к. Северо-Курильск, пер. Менделеева, д. 3 к. 93, 011953;2024-08-24 22:55:53;2025-02-20 22:55:53;0;2024-08-24;2024-08-24 22:55:53
200;Савелий Игнатович Шаров;smirnovkornil@example.net;п. Видное, пр. О.Кошевого, д. 1/1 к. 4/5, 261814;2023-09-27 10:32:29;2024-03-25 10:32:29;0;2023-09-27;2023-09-27 10:32:29
200;Кабанова Акулина Архиповна;miroslav2000@example.net;клх Кетченеры, ш. Советской Армии, д. 720, 007887;2023-11-05 22:50:55;9999-12-31 23:59:59;1;2023-11-05;2023-11-05 22:50:55
201;Шубина Ангелина Наумовна;ilinernest@example.net;д. Уэлен, алл. Урицкого, д. 732 к. 890, 892229;2024-01-12 09:45:33;2024-07-10 09:45:33;0;2024-01-12;2024-01-12 09:45:33
202;Гущина Жанна Филипповна;uljana_24@example.org;ст. Мурманск, ш. Севастопольское, д. 3/9 стр. 38, 595514;2024-11-28 01:42:27;2025-05-27 01:42:27;0;2024-11-28;2024-11-28 01:42:27
202;Елизавета Константиновна Фадеева;avksenti_2020@example.net;клх Юровск, пер. Чапаева, д. 8 стр. 5, 714630;2024-09-30 04:14:40;9999-12-31 23:59:59;1;2024-09-30;2024-09-30 04:14:40
203;Лучезар Евсеевич Третьяков;shestakovanadezhda@example.org;г. Нарьян-Мар, ул. Надежды, д. 71 стр. 1/8, 223241;2023-05-13 15:18:00;2023-11-09 15:18:00;0;2023-05-13;2023-05-13 15:18:00
204;Мамонтов Демьян Виленович;hristofor_1998@example.org;д. Мытищи, алл. Новоселов, д. 111, 094387;2024-11-13 07:23:28;2025-05-12 07:23:28;0;2024-11-13;2024-11-13 07:23:28
204;Евдокимова Жанна Даниловна;karl94@example.com;ст. Кузнецк, пер. Станиславского, д. 9 к. 11, 476152;2023-06-13 02:34:09;9999-12-31 23:59:59;1;2023-06-13;2023-06-13 02:34:09
205;Исаев Симон Викентьевич;mefodi1978@example.net;п. Сусуман, ул. Нижняя, д. 48 стр. 690, 087972;2023-08-02 08:29:21;2024-01-29 08:29:21;0;2023-08-02;2023-08-02 08:29:21
206;Вениамин Владиславович Матвеев;zatsevarhip@example.com;п. Киренск, ш. Черемуховое, д. 4/1 к. 22, 552377;2024-12-27 04:16:15;2025-06-25 04:16:15;0;2024-12-27;2024-12-27 04:16:15
206;Гордей Ильясович Князев;vjacheslavsamsonov@example.org;п. Надым, наб. Покровская, д. 10 стр. 160, 954093;2024-03-02 06:57:30;9999-12-31 23:59:59;1;2024-03-02;2024-03-02 06:57:30
207;Анна Валентиновна Белякова;sokolovvenedikt@example.net;с. Чусовой, ш. Молодежное, д. 8 стр. 5/2, 325160;2024-12-25 13:01:55;2025-06-23 13:01:55;0;2024-12-25;2024-12-25 13:01:55
208;Исаев Савватий Виленович;gedeonburov@example.net;п. Камышин, пер. Кузнецкий, д. 75 стр. 344, 334485;2025-01-08 19:58:14;2025-07-07 19:58:14;0;2025-01-08;2025-01-08 19:58:14
208;Тит Геннадиевич Ковалев;fedorovipat@example.net;г. Владикавказ, ш. Каштановое, д. 3 к. 2, 822460;2024-03-05 22:52:13;9999-12-31 23:59:59;1;2024-03-05;2024-03-05 22:52:13
209;Медведева Клавдия Мироновна;skozlova@example.net;ст. Онега, пр. Красноярский, д. 728 стр. 3, 612614;2023-09-18 02:31:51;2024-03-16 02:31:51;0;2023-09-18;2023-09-18 02:31:51
210;Меркушев Алексей Вячеславович;viktorin2009@example.org;ст. Саратов, алл. Вавилова, д. 623 стр. 3, 786165;2024-06-29 02:17:40;2024-12-26 02:17:40;0;2024-06-29;2024-06-29 02:17:40
210;Савельева Наина Рудольфовна;avdeevlazar@example.net;п. Ершов, пр. Высоковольтный, д. 34 к. 31, 377187;2024-02-19 23:15:20;9999-12-31 23:59:59;1;2024-02-19;2024-02-19 23:15:20
211;Геннадий Виленович Некрасов;ilja1978@example.org;к. Октябрьское (Челяб.), ш. Окружное, д. 414 к. 5, 347558;2024-10-08 13:49:35;2025-04-06 13:49:35;0;2024-10-08;2024-10-08 13:49:35
212;Степан Фёдорович Голубев;bazhen52@example.com;г. Ковров, ул. Ленинградская, д. 73, 521913;2024-04-29 02:39:46;2024-10-26 02:39:46;0;2024-04-29;2024-04-29 02:39:46
212;Радим Викторович Шарапов;lsafonov@example.com;г. Кропоткин (Краснод.), бул. Леонова, д. 43 к. 8/9, 954984;2024-07-23 23:57:45;9999-12-31 23:59:59;1;2024-07-23;2024-07-23 23:57:45
213;Мартынова Нина Кирилловна;isakovsevastjan@example.net;с. Тихорецк, ул. Смирнова, д. 7 стр. 3, 283942;2024-12-22 19:20:18;2025-06-20 19:20:18;0;2024-12-22;2024-12-22 19:20:18
214;Наталья Ждановна Корнилова;firs2004@example.org;к. Завьялиха, ул. Специалистов, д. 4 стр. 34, 639649;2024-09-16 13:14:23;2025-03-15 13:14:23;0;2024-09-16;2024-09-16 13:14:23
214;Ксения Ильинична Николаева;ninel_23@example.org;п. Находка, ш. Володарского, д. 5/7, 724993;2025-01-14 22:37:22;9999-12-31 23:59:59;1;2025-01-14;2025-01-14 22:37:22
215;Щербакова Лукия Геннадьевна;ershovaklavdija@example.net;ст. Калачинск, пер. Коммунаров, д. 526 стр. 43, 493722;2024-05-05 03:03:12;2024-11-01 03:03:12;0;2024-05-05;2024-05-05 03:03:12
216;Трофимов Кирилл Даниилович;alevtina2011@example.net;ст. Солнечногорск, алл. Восьмого Марта, д. 3/1 стр. 99, 451375;2023-06-11 01:31:29;2023-12-08 01:31:29;0;2023-06-11;2023-06-11 01:31:29
216;Гурьев Никита Эдгарович;tihonovmilovan@example.org;д. Обнинск, алл. Кузнецова, д. 605 стр. 1, 558447;2024-08-18 12:57:29;9999-12-31 23:59:59;1;2024-08-18;2024-08-18 12:57:29
217;Пахомов Карл Ааронович;gennadi_2024@example.com;ст. Токма, ул. Больничная, д. 92 стр. 203, 877273;2024-05-14 20:55:48;2024-11-10 20:55:48;0;2024-05-14;2024-05-14 20:55:48
218;Петухов Еремей Захарьевич;timofe_1996@example.com;ст. Алагир, пр. Тургенева, д. 5/5 к. 587, 497410;2023-05-31 07:42:48;2023-11-27 07:42:48;0;2023-05-31;2023-05-31 07:42:48
218;Мамонтов Ираклий Ерофеевич;lihachevanadezhda@example.org;п. Борзя, пер. Коммуны, д. 491 к. 40, 504072;2023-07-21 00:00:08;9999-12-31 23:59:59;1;2023-07-21;2023-07-21 00:00:08
219;Полякова Ульяна Викторовна;terenti1979@example.org;г. Красногорск (Моск.), ул. Казачья, д. 2/5 стр. 5, 687762;2024-06-09 11:10:54;2024-12-06 11:10:54;0;2024-06-09;2024-06-09 11:10:54
220;Иванов Тихон Федотович;onufri_1979@example.org;п. Можга, ш. Сельское, д. 94 к. 760, 128145;2024-08-06 21:05:33;2025-02-02 21:05:33;0;2024-08-06;2024-08-06 21:05:33
220;Ефремова Иванна Михайловна;bikovradislav@example.net;клх Кизляр, ул. 50 лет Победы, д. 551, 828883;2023-12-26 09:04:50;9999-12-31 23:59:59;1;2023-12-26;2023-12-26 09:04:50
221;Феликс Владиленович Ермаков;ptrofimova@example.net;п. Поронайск, ш. Челюскинцев, д. 77 стр. 4/2, 455353;2025-02-14 12:12:00;2025-08-13 12:12:00;0;2025-02-14;2025-02-14 12:12:00
222;Лазарев Дмитрий Эдуардович;svladimirov@example.net;с. Касимов, пер. Цветочный, д. 757 к. 85, 619511;2025-01-18 16:12:14;2025-07-17 16:12:14;0;2025-01-18;2025-01-18 16:12:14
222;Кира Андреевна Сафонова;rodionovasofija@example.com;г. Ивдель, алл. Прибрежная, д. 5/6 к. 27, 895886;2023-06-07 12:49:01;9999-12-31 23:59:59;1;2023-06-07;2023-06-07 12:49:01
223;Юлия Кирилловна Шарова;ermola37@example.com;к. Баксан, алл. Киевская, д. 9/6 к. 3, 549143;2024-04-04 05:46:00;2024-10-01 05:46:00;0;2024-04-04;2024-04-04 05:46:00
224;Кузнецов Феофан Ефимьевич;ermola2008@example.org;ст. Шарья, ш. Глинки, д. 1/7, 119025;2024-12-20 11:23:54;2025-06-18 11:23:54;0;2024-12-20;2024-12-20 11:23:54
224;Емельянов Всеволод Трифонович;jaropolkbirjukov@example.org;клх Каспийск, ш. Волочаевское, д. 3/1, 935404;2023-05-20 04:47:18;9999-12-31 23:59:59;1;2023-05-20;2023-05-20 04:47:18
225;Федорова Евгения Александровна;artemevradislav@example.com;клх Ербогачен, бул. Запрудный, д. 4/8, 202442;2024-03-23 03:16:41;2024-09-19 03:16:41;0;2024-03-23;2024-03-23 03:16:41
226;Вишняков Доброслав Измаилович;harlampi38@example.org;д. Братск, пр. Коллективный, д. 556, 980874;2023-10-29 14:13:54;2024-04-26 14:13:54;0;2023-10-29;2023-10-29 14:13:54
226;Тетерина Алла Алексеевна;ernst2010@example.net;д. Соль-Илецк, ш. Тополиное, д. 2, 878804;2025-01-19 04:30:25;9999-12-31 23:59:59;1;2025-01-19;2025-01-19 04:30:25
227;Наум Трофимович Ефремов;zaharoverofe@example.com;с. Заводоуковск, ш. Молодежное, д. 62 стр. 97, 567328;2023-04-24 13:26:26;2023-10-21 13:26:26;0;2023-04-24;2023-04-24 13:26:26
228;Тихонов Чеслав Феофанович;tsvetkovakira@example.org;д. Невьянск, ул. Островского, д. 192 к. 9/8, 780716;2024-12-18 14:21:33;2025-06-16 14:21:33;0;2024-12-18;2024-12-18 14:21:33
228;Куликов Кирилл Эдгарович;taisija_1982@example.net;к. Великие Луки, ул. Р.Люксембург, д. 5 к. 46, 740021;2025-03-31 16:52:45;9999-12-31 23:59:59;1;2025-03-31;2025-03-31 16:52:45
229;Надежда Юрьевна Кабанова;vissarion_83@example.com;г. Добрянка, наб. Тихая, д. 2/6 стр. 577, 988697;2024-12-31 19:53:38;2025-06-29 19:53:38;0;2024-12-31;2024-12-31 19:53:38
230;Ипат Феофанович Мельников;fedotovaristarh@example.net;д. Бронницы, пр. Чернышевского, д. 302, 464334;2023-09-15 02:34:31;2024-03-13 02:34:31;0;2023-09-15;2023-09-15 02:34:31
230;Эмилия Болеславовна Куликова;varlaam73@example.net;г. Губкин, пер. Щорса, д. 41, 187070;2023-10-10 16:31:03;9999-12-31 23:59:59;1;2023-10-10;2023-10-10 16:31:03
231;Фаина Егоровна Морозова;jakovblohin@example.net;клх Красноселькуп, пер. 30 лет Победы, д. 4, 271952;2024-03-05 21:01:46;2024-09-01 21:01:46;0;2024-03-05;2024-03-05 21:01:46
232;Никонов Соломон Викентьевич;margarita_19@example.net;д. Кропоткин (Краснод.), наб. Балтийская, д. 3/3 к. 111, 817753;2024-11-28 22:59:26;2025-05-27 22:59:26;0;2024-11-28;2024-11-28 22:59:26
232;Елизавета Николаевна Крюкова;mstislav1988@example.net;ст. Ишим, пер. Семашко, д. 2, 320562;2024-01-28 14:49:26;9999-12-31 23:59:59;1;2024-01-28;2024-01-28 14:49:26
233;Белова Марина Андреевна;serafim07@example.net;ст. Орехово-Зуево, ул. Красина, д. 853, 385932;2024-07-20 03:40:40;2025-01-16 03:40:40;0;2024-07-20;2024-07-20 03:40:40
234;Иннокентий Валентинович Иванов;miroslav78@example.org;ст. Кош-Агач, наб. Астраханская, д. 4 стр. 557, 235656;2023-10-09 04:28:49;2024-04-06 04:28:49;0;2023-10-09;2023-10-09 04:28:49
234;Евсеев Алексей Марсович;dorofeevazoja@example.com;к. Бирск, пр. Стадионный, д. 368 стр. 65, 037840;2024-08-02 03:48:32;9999-12-31 23:59:59;1;2024-08-02;2024-08-02 03:48:32
235;Артем Феофанович Куликов;frol2023@example.net;к. Юровск, ш. Прибрежное, д. 451 стр. 417, 749188;2023-04-30 06:12:41;2023-10-27 06:12:41;0;2023-04-30;2023-04-30 06:12:41
236;Шубин Аггей Матвеевич;dementi_1992@example.com;с. Вендинга, ул. Каштановая, д. 5/4 к. 4/3, 146703;2024-10-13 15:05:06;2025-04-11 15:05:06;0;2024-10-13;2024-10-13 15:05:06
236;Егорова Елизавета Ждановна;larionovapelageja@example.net;п. Александров, пр. Ульянова, д. 729 стр. 794, 471243;2024-01-20 19:36:56;9999-12-31 23:59:59;1;2024-01-20;2024-01-20 19:36:56
237;Пров Адрианович Горшков;filatovaagata@example.org;п. Усть-Ишим, ш. Королева, д. 363 к. 6, 052685;2024-05-12 04:09:38;2024-11-08 04:09:38;0;2024-05-12;2024-05-12 04:09:38
238;Мария Наумовна Нестерова;emilmarkov@example.com;к. Крымск, алл. Огородная, д. 8, 781084;2023-05-12 18:55:41;2023-11-08 18:55:41;0;2023-05-12;2023-05-12 18:55:41
238;Прасковья Богдановна Белоусова;oktjabrina34@example.com;к. Байкальск, бул. Огородный, д. 14, 597920;2023-06-11 18:20:19;9999-12-31 23:59:59;1;2023-06-11;2023-06-11 18:20:19
239;Регина Юльевна Сысоева;leonagafonov@example.com;г. Петрозаводск, бул. Челюскинцев, д. 205, 944503;2023-10-22 09:50:16;2024-04-19 09:50:16;0;2023-10-22;2023-10-22 09:50:16
240;Жуков Ратмир Гавриилович;afanasevmoke@example.org;к. Талдом, бул. Репина, д. 9, 972800;2024-06-01 09:39:58;2024-11-28 09:39:58;0;2024-06-01;2024-06-01 09:39:58
240;Щукин Христофор Яковлевич;ljubov_48@example.com;к. Жуковский, пр. Медицинский, д. 1 стр. 38, 601384;2024-01-08 11:29:44;9999-12-31 23:59:59;1;2024-01-08;2024-01-08 11:29:44
241;Макарова Раиса Альбертовна;larionovfrol@example.com;г. Улан-Удэ, наб. Пирогова, д. 8 к. 77, 500374;2024-11-25 06:42:18;2025-05-24 06:42:18;0;2024-11-25;2024-11-25 06:42:18
242;Ефремов Андрон Фадеевич;izjaslav_59@example.net;ст. Махачкала, бул. Буденного, д. 4 стр. 73, 083922;2024-04-11 15:58:48;2024-10-08 15:58:48;0;2024-04-11;2024-04-11 15:58:48
242;Виктория Тимуровна Блохина;ija59@example.org;ст. Александровск, пер. Фурманова, д. 5/2 к. 1, 177062;2024-05-03 23:53:02;9999-12-31 23:59:59;1;2024-05-03;2024-05-03 23:53:02
243;Гаврилова Иванна Ивановна;blinovmechislav@example.com;ст. Добрянка, алл. Ягодная, д. 73 к. 14, 138382;2024-11-23 12:58:31;2025-05-22 12:58:31;0;2024-11-23;2024-11-23 12:58:31
244;Семен Игнатьевич Ефремов;anike_43@example.net;к. Великие Луки, ул. Красная, д. 377 стр. 4, 164452;2023-09-05 01:24:46;2024-03-03 01:24:46;0;2023-09-05;2023-09-05 01:24:46
244;Воронов Дементий Федотович;varlaam57@example.com;с. Рославль, ул. Коминтерна, д. 8/8 стр. 586, 662597;2023-07-20 01:58:16;9999-12-31 23:59:59;1;2023-07-20;2023-07-20 01:58:16
245;Алексеев Серафим Теймуразович;florentin05@example.com;к. Нязепетровск, пр. Революции, д. 2/8 к. 1/7, 174188;2023-10-18 11:59:51;2024-04-15 11:59:51;0;2023-10-18;2023-10-18 11:59:51
246;Фёкла Кузьминична Комарова;filippovermola@example.com;д. Урай, пер. Енисейский, д. 526, 508088;2023-07-25 15:11:31;2024-01-21 15:11:31;0;2023-07-25;2023-07-25 15:11:31
246;Комаров Симон Марсович;vitali36@example.com;п. Зеленоград, наб. Свердлова, д. 6/3, 170962;2024-09-04 03:14:27;9999-12-31 23:59:59;1;2024-09-04;2024-09-04 03:14:27
247;Горбунов Пантелеймон Демьянович;grigorevluka@example.net;к. Сковородино, бул. Базарный, д. 38 к. 246, 304521;2023-11-21 00:36:49;2024-05-19 00:36:49;0;2023-11-21;2023-11-21 00:36:49
248;Элеонора Ждановна Соболева;jangolubev@example.org;ст. Курумкан, наб. Буденного, д. 8/4, 535994;2024-01-27 20:05:42;2024-07-25 20:05:42;0;2024-01-27;2024-01-27 20:05:42
248;Рябов Парамон Владленович;marina65@example.net;п. Тамбов, ул. Красных Партизан, д. 6 к. 2, 046105;2024-06-06 20:26:22;9999-12-31 23:59:59;1;2024-06-06;2024-06-06 20:26:22
249;Майя Ждановна Пономарева;julian35@example.net;ст. Елец, алл. Осенняя, д. 94, 674459;2023-09-15 05:59:11;2024-03-13 05:59:11;0;2023-09-15;2023-09-15 05:59:11
250;Феликс Григорьевич Горшков;lukinanatalja@example.net;с. Минусинск, наб. Садовая, д. 8 к. 5, 437501;2025-03-20 13:58:04;2025-09-16 13:58:04;0;2025-03-20;2025-03-20 13:58:04
250;Эмилия Тарасовна Беляева;yzhdanov@example.org;п. Тула, бул. Мира, д. 5/1 к. 40, 627839;2023-08-24 14:54:11;9999-12-31 23:59:59;1;2023-08-24;2023-08-24 14:54:11
251;Третьякова Валентина Александровна;gorbunovvlas@example.org;п. Красная Поляна, алл. Техническая, д. 5 стр. 8/1, 971717;2024-04-17 09:15:48;2024-10-14 09:15:48;0;2024-04-17;2024-04-17 09:15:48
252;Наина Наумовна Ильина;fortunatkornilov@example.com;с. Александровск, алл. Таежная, д. 99 к. 95, 743868;2023-05-08 16:04:34;2023-11-04 16:04:34;0;2023-05-08;2023-05-08 16:04:34
252;Быкова Ираида Юрьевна;wmiheev@example.com;п. Салават, наб. Минина, д. 9/5 к. 7, 458740;2024-04-04 20:58:55;9999-12-31 23:59:59;1;2024-04-04;2024-04-04 20:58:55
253;Николаева Феврония Натановна;isa_2016@example.com;п. Боровск, бул. Почтовый, д. 6/7 стр. 4, 670033;2025-03-10 01:21:34;2025-09-06 01:21:34;0;2025-03-10;2025-03-10 01:21:34
254;Ратмир Ермолаевич Власов;sagafonova@example.org;клх Углич, ш. Петровское, д. 3/8 к. 3/2, 708381;2024-09-20 16:15:13;2025-03-19 16:15:13;0;2024-09-20;2024-09-20 16:15:13
254;Мухина Акулина Юльевна;askold61@example.org;п. Гдов, пер. Суворова, д. 516 к. 821, 997001;2024-11-17 08:35:45;9999-12-31 23:59:59;1;2024-11-17;2024-11-17 08:35:45
255;Ия Кирилловна Рожкова;juli_06@example.com;клх Верхний Уфалей, пер. Энергетиков, д. 3/9, 342539;2024-01-28 20:06:26;2024-07-26 20:06:26;0;2024-01-28;2024-01-28 20:06:26
256;Коновалов Ладимир Игнатович;modest1997@example.net;п. Троицк (Моск.), алл. Кочубея, д. 4 стр. 757, 146087;2023-05-15 02:01:37;2023-11-11 02:01:37;0;2023-05-15;2023-05-15 02:01:37
256;Вышеслав Богданович Игнатьев;seleznevparfen@example.org;д. Рославль, пер. Заозерный, д. 5/6, 142859;2024-06-26 23:52:23;9999-12-31 23:59:59;1;2024-06-26;2024-06-26 23:52:23
257;Полина Романовна Савельева;lev_2012@example.org;к. Пятигорск, пер. Циолковского, д. 28, 492480;2025-01-08 15:56:58;2025-07-07 15:56:58;0;2025-01-08;2025-01-08 15:56:58
258;Майя Рудольфовна Котова;olimpiada_83@example.com;ст. Северодвинск, алл. Индустриальная, д. 915 к. 13, 614524;2023-08-30 03:03:05;2024-02-26 03:03:05;0;2023-08-30;2023-08-30 03:03:05
258;Егорова Александра Вадимовна;zatsevkarl@example.org;клх Кулунда, пр. Воровского, д. 84 стр. 57, 730601;2024-08-09 22:13:59;9999-12-31 23:59:59;1;2024-08-09;2024-08-09 22:13:59
259;Эрнст Измаилович Бобров;dmitrievsaveli@example.net;г. Челябинск, пр. Иркутский, д. 4/6 к. 7, 405619;2024-04-18 05:20:04;2024-10-15 05:20:04;0;2024-04-18;2024-04-18 05:20:04
260;Романов Василий Августович;markovefim@example.net;г. Клин, бул. Лазурный, д. 76, 154208;2024-11-18 08:41:24;2025-05-17 08:41:24;0;2024-11-18;2024-11-18 08:41:24
260;Вишняков Анатолий Юльевич;uavdeeva@example.net;ст. Нефтегорск (Самар.), наб. Крестьянская, д. 396 к. 1, 447796;2024-02-09 06:21:19;9999-12-31 23:59:59;1;2024-02-09;2024-02-09 06:21:19
261;Красильникова Элеонора Эдуардовна;vladlen_1971@example.com;п. Дубна, наб. 9 мая, д. 586 к. 2/2, 583844;2024-07-10 15:36:19;2025-01-06 15:36:19;0;2024-07-10;2024-07-10 15:36:19
262;Калинин Осип Филатович;rjurik79@example.org;п. Гагарин, наб. Хуторская, д. 1 стр. 178, 102710;2024-03-08 15:01:28;2024-09-04 15:01:28;0;2024-03-08;2024-03-08 15:01:28
262;Дьячков Савелий Васильевич;lavrfedoseev@example.com;г. Агинское (Забайк.), пер. Циолковского, д. 340 стр. 825, 820524;2023-09-06 21:35:16;9999-12-31 23:59:59;1;2023-09-06;2023-09-06 21:35:16
263;Никифор Арсенович Воронов;omiheeva@example.org;ст. Новомосковск, пр. Средний, д. 727 стр. 16, 642998;2023-08-21 15:26:09;2024-02-17 15:26:09;0;2023-08-21;2023-08-21 15:26:09
264;Синклитикия Рубеновна Мухина;cheslavisakov@example.com;ст. Кашхатау, пер. Чехова, д. 92 к. 85, 042756;2023-12-22 08:04:33;2024-06-19 08:04:33;0;2023-12-22;2023-12-22 08:04:33
264;Алла Ефимовна Якушева;oktjabrina_84@example.org;к. Петушки, наб. Индустриальная, д. 289, 481337;2024-12-11 02:59:19;9999-12-31 23:59:59;1;2024-12-11;2024-12-11 02:59:19
265;Беляев Мирослав Зиновьевич;karlrozhkov@example.org;к. Плес, ул. Трактовая, д. 6 к. 36, 188914;2024-05-30 20:33:16;2024-11-26 20:33:16;0;2024-05-30;2024-05-30 20:33:16
266;Киселев Светозар Демьянович;nikanor1999@example.com;ст. Печора, пр. Репина, д. 1/5 стр. 316, 004211;2023-11-11 22:41:29;2024-05-09 22:41:29;0;2023-11-11;2023-11-11 22:41:29
266;Богданова Галина Степановна;kfedotova@example.org;п. Учалы, пер. Прибрежный, д. 73 стр. 1, 040906;2024-11-08 21:27:19;9999-12-31 23:59:59;1;2024-11-08;2024-11-08 21:27:19
267;Светозар Валерьянович Смирнов;terenti04@example.org;клх Тамбов, алл. Коммунистическая, д. 8/5 к. 8/8, 978522;2023-11-07 00:33:18;2024-05-05 00:33:18;0;2023-11-07;2023-11-07 00:33:18
268;Устинова Наина Наумовна;ratibor_26@example.net;к. Верхний Уфалей, пер. Репина, д. 8/6 стр. 7, 790708;2023-07-22 07:02:37;2024-01-18 07:02:37;0;2023-07-22;2023-07-22 07:02:37
268;Остромир Гурьевич Денисов;ipanfilov@example.com;ст. Шуя, алл. Ставропольская, д. 76 к. 1, 265328;2024-05-06 06:44:42;9999-12-31 23:59:59;1;2024-05-06;2024-05-06 06:44:42
269;Наина Руслановна Маркова;safonovaolga@example.net;к. Моршанск, пер. Красный, д. 5/3 стр. 5/8, 726124;2023-10-23 12:28:47;2024-04-20 12:28:47;0;2023-10-23;2023-10-23 12:28:47
270;Ульяна Антоновна Галкина;amiheeva@example.net;с. Шумиха, пр. Сибирский, д. 5/4 к. 6, 526692;2023-11-01 18:16:36;2024-04-29 18:16:36;0;2023-11-01;2023-11-01 18:16:36
270;Анжелика Олеговна Алексеева;varvara2019@example.com;ст. Березники, алл. Юности, д. 58 к. 6/1, 981552;2024-11-06 14:30:14;9999-12-31 23:59:59;1;2024-11-06;2024-11-06 14:30:14
271;Корнил Исидорович Нестеров;bzatseva@example.com;к. Североуральск, пр. Щетинкина, д. 7/3, 776228;2024-05-19 23:25:41;2024-11-15 23:25:41;0;2024-05-19;2024-05-19 23:25:41
272;Мухина Клавдия Тимуровна;lidija_42@example.com;ст. Колпашево, ул. Песочная, д. 82 к. 36, 095517;2025-02-19 14:39:38;2025-08-18 14:39:38;0;2025-02-19;2025-02-19 14:39:38
272;Абрамова Ирина Вадимовна;luchezartrofimov@example.net;д. Андреаполь, пер. Заречный, д. 3/9 стр. 65, 743651;2025-02-27 10:46:32;9999-12-31 23:59:59;1;2025-02-27;2025-02-27 10:46:32
273;тов. Никифоров Пахом Августович;anzhela76@example.net;п. Диксон, ш. Вавилова, д. 5 к. 2/1, 515849;2024-08-20 04:43:34;2025-02-16 04:43:34;0;2024-08-20;2024-08-20 04:43:34
274;Сергеева Клавдия Даниловна;mihe_79@example.net;п. Тамбов, наб. Гастелло, д. 3 к. 60, 619554;2023-09-08 22:29:30;2024-03-06 22:29:30;0;2023-09-08;2023-09-08 22:29:30
274;Тарасова Полина Геннадиевна;ladimir_1991@example.com;к. Кемерово, ул. Вольная, д. 54 к. 1/9, 032130;2024-04-17 06:14:39;9999-12-31 23:59:59;1;2024-04-17;2024-04-17 06:14:39
275;Ларионова Василиса Захаровна;gerasim22@example.net;клх Фатеж, алл. Инженерная, д. 212, 660443;2024-11-05 00:55:34;2025-05-04 00:55:34;0;2024-11-05;2024-11-05 00:55:34
276;Михайлов Роман Давыдович;sisoevaangelina@example.org;г. Черемхово, ул. Войкова, д. 2/8 стр. 43, 361375;2025-03-12 15:55:11;2025-09-08 15:55:11;0;2025-03-12;2025-03-12 15:55:11
276;Зуев Потап Игнатович;emilija60@example.org;клх Шали, пр. Тургенева, д. 12 к. 59, 036095;2023-08-18 01:14:43;9999-12-31 23:59:59;1;2023-08-18;2023-08-18 01:14:43
277;Колобов Евдоким Гаврилович;evstigne2017@example.net;г. Славянск-на-Кубани, пер. Запорожский, д. 51 стр. 5, 040295;2023-07-20 14:27:44;2024-01-16 14:27:44;0;2023-07-20;2023-07-20 14:27:44
278;Котов Мариан Юльевич;samuilovchinnikov@example.com;к. Клин, ул. Рязанская, д. 675, 222699;2024-11-29 22:30:30;2025-05-28 22:30:30;0;2024-11-29;2024-11-29 22:30:30
278;Галина Евгеньевна Никонова;nikonbobilev@example.com;клх Оленек, пр. Инженерный, д. 993 к. 41, 897973;2025-01-07 21:19:19;9999-12-31 23:59:59;1;2025-01-07;2025-01-07 21:19:19
279;Викторин Адрианович Андреев;suvorovmina@example.com;ст. Ессентуки, пер. Щетинкина, д. 40 стр. 857, 735027;2024-06-30 03:23:25;2024-12-27 03:23:25;0;2024-06-30;2024-06-30 03:23:25
280;Элеонора Святославовна Сазонова;tit2005@example.com;клх Невьянск, пр. Веселый, д. 970, 652995;2024-07-25 16:07:19;2025-01-21 16:07:19;0;2024-07-25;2024-07-25 16:07:19
280;Капустина Алла Юльевна;ekaterina_2022@example.com;к. Челябинск, пр. Воронежский, д. 68, 105249;2024-07-27 10:08:04;9999-12-31 23:59:59;1;2024-07-27;2024-07-27 10:08:04
281;тов. Носов Фрол Филиппович;makar_55@example.com;с. Кош-Агач, наб. Брянская, д. 4/1, 524887;2023-04-12 01:53:49;2023-10-09 01:53:49;0;2023-04-12;2023-04-12 01:53:49
282;Ян Филатович Исаев;morozovladislav@example.org;с. Шахты, пер. Льва Толстого, д. 20 к. 41, 687356;2023-04-13 20:17:53;2023-10-10 20:17:53;0;2023-04-13;2023-04-13 20:17:53
282;Лукия Дмитриевна Власова;shcherbakovarseni@example.com;ст. Прохладный, пер. Пограничный, д. 4, 611858;2024-06-30 15:53:11;9999-12-31 23:59:59;1;2024-06-30;2024-06-30 15:53:11
283;Ефимова Ираида Ивановна;ilinarefi@example.org;ст. Ступино, наб. Шолохова, д. 225 к. 522, 014646;2024-05-11 09:57:46;2024-11-07 09:57:46;0;2024-05-11;2024-05-11 09:57:46
284;Наина Андреевна Лазарева;galaktion1999@example.org;клх Югорск, пр. Крымский, д. 1/6, 680541;2024-12-21 09:11:00;2025-06-19 09:11:00;0;2024-12-21;2024-12-21 09:11:00
284;Кудрявцева Елена Анатольевна;ignatigorbachev@example.net;г. Хасан, ул. Бажова, д. 81, 371874;2024-08-29 04:42:40;9999-12-31 23:59:59;1;2024-08-29;2024-08-29 04:42:40
285;Анисимова Ульяна Тарасовна;petr_12@example.org;г. Асбест, пер. Кооперативный, д. 36 к. 6/4, 790494;2023-10-18 23:15:53;2024-04-15 23:15:53;0;2023-10-18;2023-10-18 23:15:53
286;Тамара Даниловна Субботина;panovvissarion@example.net;с. Киренск, бул. Тульский, д. 5, 300593;2023-11-16 16:49:13;2024-05-14 16:49:13;0;2023-11-16;2023-11-16 16:49:13
286;Яковлева София Эдуардовна;belousovavksenti@example.net;д. Темрюк, пер. Радужный, д. 4, 662282;2024-02-26 05:51:37;9999-12-31 23:59:59;1;2024-02-26;2024-02-26 05:51:37
287;Кудрявцева Кира Кузьминична;fominostap@example.org;с. Белокуриха, ул. Степана Разина, д. 9/6, 738562;2024-02-18 15:09:03;2024-08-16 15:09:03;0;2024-02-18;2024-02-18 15:09:03
288;Белова Ульяна Львовна;eduard1998@example.com;с. Дно, ул. Нефтяников, д. 9/7, 506869;2024-01-25 16:10:59;2024-07-23 16:10:59;0;2024-01-25;2024-01-25 16:10:59
288;Дьячкова Светлана Ниловна;vikentisidorov@example.com;г. Тюмень, пр. Восточный, д. 3, 825459;2024-05-27 22:34:05;9999-12-31 23:59:59;1;2024-05-27;2024-05-27 22:34:05
289;Виталий Ермилович Рябов;dnikonova@example.com;с. Аша, ш. Волочаевское, д. 9/8, 005362;2025-03-19 08:20:54;2025-09-15 08:20:54;0;2025-03-19;2025-03-19 08:20:54
290;Мир Захарьевич Терентьев;rostislav1980@example.com;п. Углич, наб. Подлесная, д. 60 стр. 974, 420701;2023-09-12 00:13:33;2024-03-10 00:13:33;0;2023-09-12;2023-09-12 00:13:33
290;Мартынов Макар Александрович;judinparamon@example.com;д. Лесной (Сверд.), алл. Павлика Морозова, д. 4 стр. 8, 123171;2024-02-29 06:09:21;9999-12-31 23:59:59;1;2024-02-29;2024-02-29 06:09:21
291;Ефремова Татьяна Ильинична;fedoseevasinklitikija@example.org;к. Тихорецк, пр. Сенной, д. 1 стр. 3, 974174;2023-11-04 04:58:15;2024-05-02 04:58:15;0;2023-11-04;2023-11-04 04:58:15
292;Гордеева Надежда Анатольевна;doroninspiridon@example.com;п. Камышлов, ш. Пионерское, д. 1/7 стр. 8/6, 302519;2023-04-25 15:13:26;2023-10-22 15:13:26;0;2023-04-25;2023-04-25 15:13:26
292;Васильева Ия Рубеновна;bogdan60@example.org;г. Оленек, пр. Депутатский, д. 222 к. 71, 778765;2023-10-11 16:40:34;9999-12-31 23:59:59;1;2023-10-11;2023-10-11 16:40:34
293;Ангелина Рубеновна Гаврилова;dobroslavmarkov@example.com;п. Териберка, пер. Станционный, д. 4/6 к. 6/6, 133033;2024-05-16 13:12:50;2024-11-12 13:12:50;0;2024-05-16;2024-05-16 13:12:50
294;Николай Игнатьевич Зуев;baranovfilipp@example.org;г. Нягань, алл. Тимирязева, д. 3 к. 221, 566786;2023-10-03 11:10:30;2024-03-31 11:10:30;0;2023-10-03;2023-10-03 11:10:30
294;Козлова Феврония Дмитриевна;fgorbunova@example.com;клх Урюпинск, наб. Горького, д. 1/1 стр. 7/3, 882511;2025-01-04 10:20:18;9999-12-31 23:59:59;1;2025-01-04;2025-01-04 10:20:18
295;Вероника Тарасовна Наумова;osilina@example.org;к. Таштагол, ул. Гафури, д. 49, 472663;2023-07-19 20:53:33;2024-01-15 20:53:33;0;2023-07-19;2023-07-19 20:53:33
296;Наина Харитоновна Константинова;lazar_1992@example.net;с. Чита, ул. Вахитова, д. 3 стр. 7, 752050;2024-06-12 18:26:31;2024-12-09 18:26:31;0;2024-06-12;2024-06-12 18:26:31
296;Акулина Валентиновна Шарова;ikonovalova@example.org;г. Диксон, ш. Нефтяников, д. 610, 726712;2023-07-08 10:44:10;9999-12-31 23:59:59;1;2023-07-08;2023-07-08 10:44:10
297;Коновалова Варвара Филипповна;stepanbaranov@example.net;г. Вязьма, алл. Маяковского, д. 3, 708221;2023-10-23 23:39:43;2024-04-20 23:39:43;0;2023-10-23;2023-10-23 23:39:43
298;Демьян Артурович Никитин;antonovamilitsa@example.net;ст. Красная Поляна, наб. Фурманова, д. 620 стр. 909, 125555;2024-03-24 00:16:24;2024-09-20 00:16:24;0;2024-03-24;2024-03-24 00:16:24
298;Моисей Ефстафьевич Рогов;stojan32@example.com;д. Чулым, бул. Одесский, д. 8/9, 740109;2024-02-12 14:35:22;9999-12-31 23:59:59;1;2024-02-12;2024-02-12 14:35:22
299;Козлов Игорь Иосипович;lukjangorbachev@example.com;д. Анива, пр. Никитина, д. 226, 361903;2023-05-27 15:59:18;2023-11-23 15:59:18;0;2023-05-27;2023-05-27 15:59:18
300;Максимов Леон Алексеевич;drozdovkliment@example.com;с. Балтийск, пр. Куйбышева, д. 8/9 к. 66, 852419;2023-04-10 14:21:59;2023-10-07 14:21:59;0;2023-04-10;2023-04-10 14:21:59
300;Алина Алексеевна Захарова;ivan50@example.org;с. Двинской, ш. Пионерское, д. 367, 361651;2023-05-13 23:02:06;9999-12-31 23:59:59;1;2023-05-13;2023-05-13 23:02:06
301;Климент Жанович Цветков;rodionzhuravlev@example.org;д. Теберда, пер. Урицкого, д. 9/1 к. 844, 337726;2025-01-02 09:45:16;2025-07-01 09:45:16;0;2025-01-02;2025-01-02 09:45:16
302;Лонгин Адрианович Меркушев;loginovratibor@example.net;п. Казань, ул. Окружная, д. 5 стр. 6/2, 740897;2023-04-21 07:02:11;2023-10-18 07:02:11;0;2023-04-21;2023-04-21 07:02:11
302;Силин Мирон Ефимьевич;faina_77@example.org;с. Улан-Удэ, ул. Монтажников, д. 9 к. 4/6, 122967;2024-07-11 20:46:16;9999-12-31 23:59:59;1;2024-07-11;2024-07-11 20:46:16
303;Аристарх Антипович Журавлев;zoja_2006@example.org;ст. Змеиногорск, наб. Коммунаров, д. 2/5 стр. 53, 101440;2023-05-28 16:26:46;2023-11-24 16:26:46;0;2023-05-28;2023-05-28 16:26:46
304;Федотов Вышеслав Давидович;sinklitikija2023@example.org;ст. Архыз, бул. Большой, д. 37 к. 4, 581344;2024-04-21 13:31:39;2024-10-18 13:31:39;0;2024-04-21;2024-04-21 13:31:39
304;Алина Вениаминовна Одинцова;burovgeorgi@example.com;с. Тулун, ш. Чкалова, д. 3, 756232;2025-02-28 18:44:20;9999-12-31 23:59:59;1;2025-02-28;2025-02-28 18:44:20
305;Фёкла Вячеславовна Тихонова;gorde2014@example.net;п. Кырен, бул. Восточный, д. 1/1 стр. 8, 507163;2024-05-14 17:42:18;2024-11-10 17:42:18;0;2024-05-14;2024-05-14 17:42:18
306;Богданов Куприян Тимурович;nadezhda1995@example.org;к. Нефтекамск, ул. Пионерская, д. 779 к. 9, 049671;2024-10-17 04:54:16;2025-04-15 04:54:16;0;2024-10-17;2024-10-17 04:54:16
306;София Кирилловна Суханова;erofe_89@example.org;ст. Белый Яр (Томск.), пр. Курский, д. 4, 834864;2024-07-01 01:15:46;9999-12-31 23:59:59;1;2024-07-01;2024-07-01 01:15:46
307;Пелагея Кирилловна Смирнова;karp2022@example.org;с. Энгельс, наб. Краснопартизанская, д. 8, 860096;2023-06-11 00:03:50;2023-12-08 00:03:50;0;2023-06-11;2023-06-11 00:03:50
308;Лев Ярославович Шарапов;velimir_1998@example.net;г. Мирный, наб. Кочубея, д. 38 стр. 7, 963288;2024-08-15 05:09:05;2025-02-11 05:09:05;0;2024-08-15;2024-08-15 05:09:05
308;Сергеев Алексей Демидович;nosovgavrila@example.net;с. Волоколамск, алл. Урицкого, д. 88 стр. 8/9, 562668;2024-04-26 14:49:18;9999-12-31 23:59:59;1;2024-04-26;2024-04-26 14:49:18
309;Некрасов Иосиф Чеславович;zaharborisov@example.com;д. Дагомыс, ул. Боровая, д. 37 к. 5/4, 174825;2023-05-26 11:55:05;2023-11-22 11:55:05;0;2023-05-26;2023-05-26 11:55:05
310;Наркис Феофанович Прохоров;pankrati2001@example.net;с. Алдан, ул. Беляева, д. 60 стр. 71, 143332;2023-07-05 21:51:30;2024-01-01 21:51:30;0;2023-07-05;2023-07-05 21:51:30
310;Носов Бажен Димитриевич;jaroslav98@example.net;г. Чебоксары, наб. Коллективная, д. 3 стр. 8/6, 745756;2024-10-06 14:47:20;9999-12-31 23:59:59;1;2024-10-06;2024-10-06 14:47:20
311;Селезнев Епифан Григорьевич;cteterina@example.com;п. Сызрань, ул. Слободская, д. 54 к. 8, 730510;2023-05-26 00:21:23;2023-11-22 00:21:23;0;2023-05-26;2023-05-26 00:21:23
312;Котова Кира Юрьевна;gorde_2017@example.org;к. Калач, бул. Просвещения, д. 4 стр. 52, 661304;2024-06-27 00:24:54;2024-12-24 00:24:54;0;2024-06-27;2024-06-27 00:24:54
312;Субботина Антонина Тарасовна;mitofan_1995@example.com;г. Балтийск, наб. Вавилова, д. 9/1 стр. 537, 106611;2024-02-01 12:34:21;9999-12-31 23:59:59;1;2024-02-01;2024-02-01 12:34:21
313;Журавлева Прасковья Болеславовна;ponomarevemmanuil@example.org;клх Биробиджан, алл. Омская, д. 2/2 к. 6/7, 833024;2024-11-01 18:25:56;2025-04-30 18:25:56;0;2024-11-01;2024-11-01 18:25:56
314;Панкрат Игоревич Орехов;andre2020@example.com;клх Шелагонцы, наб. 8-е Марта, д. 336 стр. 4/2, 656425;2023-08-24 14:13:19;2024-02-20 14:13:19;0;2023-08-24;2023-08-24 14:13:19
314;Крылова Оксана Григорьевна;artemikolobov@example.net;клх Кижи, пер. Театральный, д. 7/5, 388588;2024-02-15 07:13:23;9999-12-31 23:59:59;1;2024-02-15;2024-02-15 07:13:23
315;Лавр Демьянович Панов;wsilina@example.com;г. Аргаяш, наб. Проточная, д. 3 к. 886, 518319;2024-10-22 21:45:46;2025-04-20 21:45:46;0;2024-10-22;2024-10-22 21:45:46
316;Шубин Влас Юлианович;anna65@example.com;с. Александровск-Сахалинский, наб. Сенная, д. 494 к. 8, 611882;2025-02-04 11:42:16;2025-08-03 11:42:16;0;2025-02-04;2025-02-04 11:42:16
316;Доронин Мина Аксёнович;ilarion_58@example.org;д. Калач, ш. Пушкина, д. 8, 296639;2025-01-11 18:03:49;9999-12-31 23:59:59;1;2025-01-11;2025-01-11 18:03:49
317;Гущина Олимпиада Оскаровна;ladimir2011@example.org;с. Котлас, пр. Казачий, д. 5, 236217;2023-09-17 19:17:05;2024-03-15 19:17:05;0;2023-09-17;2023-09-17 19:17:05
318;Федотова Виктория Геннадьевна;kim_30@example.org;д. Лазаревское, ш. Менделеева, д. 61, 434172;2024-03-14 12:22:41;2024-09-10 12:22:41;0;2024-03-14;2024-03-14 12:22:41
318;Демид Ефстафьевич Суворов;judinfoka@example.com;ст. Надым, ул. Пригородная, д. 80 к. 1/1, 189112;2023-11-25 14:04:53;9999-12-31 23:59:59;1;2023-11-25;2023-11-25 14:04:53
319;Давыд Ильич Гущин;zhukovaaleksandra@example.org;г. Юровск, ш. Проточное, д. 4, 285303;2024-03-02 11:01:24;2024-08-29 11:01:24;0;2024-03-02;2024-03-02 11:01:24
320;Абрамова Майя Никифоровна;porfiri_1976@example.org;п. Киров (Вятка), ул. Почтовая, д. 8 к. 1, 199795;2023-12-03 06:01:00;2024-05-31 06:01:00;0;2023-12-03;2023-12-03 06:01:00
320;Юлия Мироновна Матвеева;kirillovbudimir@example.org;к. Армавир, пр. Крестьянский, д. 524 к. 2/4, 687986;2023-11-19 15:57:22;9999-12-31 23:59:59;1;2023-11-19;2023-11-19 15:57:22
321;г-н Белозеров Тимур Ермилович;taisija_89@example.org;п. Ступино, ул. Тамбовская, д. 556 к. 8/7, 251347;2024-07-29 18:18:49;2025-01-25 18:18:49;0;2024-07-29;2024-07-29 18:18:49
322;Осипова Мария Борисовна;birjukovaanastasija@example.com;д. Ведено, пр. Балтийский, д. 4/9 стр. 94, 859903;2024-03-17 18:37:34;2024-09-13 18:37:34;0;2024-03-17;2024-03-17 18:37:34
322;Панкратий Гавриилович Чернов;samuilsorokin@example.net;к. Ирбит, бул. Дружба, д. 3/7, 691587;2025-01-17 15:07:38;9999-12-31 23:59:59;1;2025-01-17;2025-01-17 15:07:38
323;Тимофей Арсенович Рябов;zuevaemilija@example.com;п. Благовещенск (Амур.), ул. Бажова, д. 47 стр. 199, 127088;2024-02-26 09:56:29;2024-08-24 09:56:29;0;2024-02-26;2024-02-26 09:56:29
324;Королева Алина Архиповна;averkinikolaev@example.com;д. Камышин, ул. Спартака, д. 16 к. 63, 473258;2024-08-05 10:12:23;2025-02-01 10:12:23;0;2024-08-05;2024-08-05 10:12:23
324;Капустин Глеб Чеславович;semenovaekaterina@example.com;клх Льгов, ул. Рязанская, д. 4/8, 809746;2024-07-17 14:28:18;9999-12-31 23:59:59;1;2024-07-17;2024-07-17 14:28:18
325;Гурьева Зоя Вадимовна;safonovfoka@example.com;клх Темрюк, ул. Шоссейная, д. 89, 671580;2023-08-25 23:18:26;2024-02-21 23:18:26;0;2023-08-25;2023-08-25 23:18:26
326;Новиков Мефодий Захарьевич;gromovalukija@example.net;к. Мончегорск, пер. Лесхозный, д. 316 стр. 925, 502295;2025-03-16 01:02:56;2025-09-12 01:02:56;0;2025-03-16;2025-03-16 01:02:56
326;Марков Мефодий Елисеевич;seliverstvoronov@example.org;д. Нерчинск, пер. Сплавный, д. 6/9 к. 3, 706381;2025-04-02 21:01:11;9999-12-31 23:59:59;1;2025-04-02;2025-04-02 21:01:11
327;Михайлов Софрон Адамович;igor_75@example.net;с. Сортавала, пер. Проезжий, д. 21 к. 5, 329196;2023-11-28 10:39:48;2024-05-26 10:39:48;0;2023-11-28;2023-11-28 10:39:48
328;Рыбаков Андрей Ануфриевич;shcherbakovemeljan@example.net;к. Иваново, пр. Громова, д. 48 к. 80, 856893;2024-04-11 04:39:11;2024-10-08 04:39:11;0;2024-04-11;2024-04-11 04:39:11
328;Владислав Марсович Юдин;lavrentevgennadi@example.net;п. Верхний Уфалей, ул. Песочная, д. 140, 791477;2024-12-01 07:52:43;9999-12-31 23:59:59;1;2024-12-01;2024-12-01 07:52:43
329;Макарова Кира Даниловна;varlaam2008@example.org;ст. Брянск, ул. Станционная, д. 585, 735801;2024-05-05 07:48:06;2024-11-01 07:48:06;0;2024-05-05;2024-05-05 07:48:06
330;Рожкова Евфросиния Борисовна;anikita1984@example.com;ст. Серафимович, ш. Березовое, д. 784 к. 9/4, 736990;2024-03-20 15:18:36;2024-09-16 15:18:36;0;2024-03-20;2024-03-20 15:18:36
330;Твердислав Феодосьевич Семенов;anatoli_1987@example.net;к. Дмитров, ул. Новая, д. 986 к. 6/2, 913902;2025-02-26 19:25:39;9999-12-31 23:59:59;1;2025-02-26;2025-02-26 19:25:39
331;Назаров Харитон Даниилович;faina36@example.net;к. Верещагино (Перм.), ш. Ульянова, д. 34 стр. 858, 844988;2023-07-17 14:35:12;2024-01-13 14:35:12;0;2023-07-17;2023-07-17 14:35:12
332;Модест Терентьевич Николаев;morozovrostislav@example.com;с. Шуя, бул. Урожайный, д. 4/4, 570288;2023-08-09 14:35:51;2024-02-05 14:35:51;0;2023-08-09;2023-08-09 14:35:51
332;Акулина Ждановна Романова;emil_94@example.org;г. Слюдянка, ул. Сибирская, д. 8/2 к. 18, 605841;2024-08-19 08:18:18;9999-12-31 23:59:59;1;2024-08-19;2024-08-19 08:18:18
333;Никитин Владимир Ермолаевич;evstafi49@example.org;д. Прохладный, наб. Проточная, д. 833 к. 596, 385901;2024-06-26 02:02:20;2024-12-23 02:02:20;0;2024-06-26;2024-06-26 02:02:20
334;Жукова Оксана Павловна;veniamin43@example.org;ст. Бронницы, бул. Молодежный, д. 8 к. 683, 815036;2023-09-14 10:19:42;2024-03-12 10:19:42;0;2023-09-14;2023-09-14 10:19:42
334;Лукина Варвара Филипповна;borisovilja@example.org;к. Елабуга, ул. Подлесная, д. 3/4 стр. 8/5, 902976;2024-11-05 09:36:32;9999-12-31 23:59:59;1;2024-11-05;2024-11-05 09:36:32
335;Аникита Аверьянович Петухов;arsenijakovlev@example.org;с. Нягань, ш. Деповское, д. 417 к. 4, 344033;2024-05-20 17:31:51;2024-11-16 17:31:51;0;2024-05-20;2024-05-20 17:31:51
336;Валентина Святославовна Никифорова;gennadi96@example.net;ст. Новый Уренгой, ул. Интернациональная, д. 136, 028808;2025-03-29 15:41:37;2025-09-25 15:41:37;0;2025-03-29;2025-03-29 15:41:37
336;Мирослав Иосифович Корнилов;kornilovnatan@example.com;ст. Азов (Рост.), ул. Седова, д. 7 стр. 44, 660514;2025-01-04 04:18:02;9999-12-31 23:59:59;1;2025-01-04;2025-01-04 04:18:02
337;Карл Виленович Лазарев;rsmirnov@example.com;д. Сеймчан, наб. Мелиораторов, д. 9 к. 8/4, 511717;2024-05-26 01:10:06;2024-11-22 01:10:06;0;2024-05-26;2024-05-26 01:10:06
338;Шилов Ефрем Гертрудович;pdementeva@example.org;ст. Сосногорск, ш. Мельничное, д. 14, 748534;2024-04-13 04:54:46;2024-10-10 04:54:46;0;2024-04-13;2024-04-13 04:54:46
338;Копылов Лаврентий Евстигнеевич;nikodim_76@example.org;п. Солнечногорск, пер. Беляева, д. 6 к. 2, 365365;2023-06-11 19:01:26;9999-12-31 23:59:59;1;2023-06-11;2023-06-11 19:01:26
339;Новикова Вероника Артемовна;zinovevavgust@example.net;г. Псебай, алл. Украинская, д. 7/3 стр. 3/7, 826674;2024-01-30 17:56:23;2024-07-28 17:56:23;0;2024-01-30;2024-01-30 17:56:23
340;Григорьева Вероника Львовна;nikitingleb@example.net;г. Мокшан, бул. Торговый, д. 5 стр. 8, 984519;2023-04-17 17:27:15;2023-10-14 17:27:15;0;2023-04-17;2023-04-17 17:27:15
340;Флорентин Викентьевич Белов;sobolevaregina@example.net;к. Энгельс, алл. Строительная, д. 4/9 к. 1/9, 080921;2024-11-16 15:00:36;9999-12-31 23:59:59;1;2024-11-16;2024-11-16 15:00:36
341;Георгий Тихонович Афанасьев;vseslav_2004@example.net;ст. Буденновск, наб. 9 мая, д. 682 стр. 21, 912833;2024-05-08 19:09:41;2024-11-04 19:09:41;0;2024-05-08;2024-05-08 19:09:41
342;Кузнецова Ия Максимовна;sazonovmark@example.net;г. Белореченск, пр. Ольховый, д. 8/9, 173777;2023-10-20 08:01:24;2024-04-17 08:01:24;0;2023-10-20;2023-10-20 08:01:24
342;Большакова Ангелина Александровна;saveli60@example.org;с. Буденновск, ул. Энтузиастов, д. 8 стр. 6, 033847;2023-07-28 23:24:23;9999-12-31 23:59:59;1;2023-07-28;2023-07-28 23:24:23
343;Денисова Глафира Захаровна;alevtina_06@example.net;д. Домбай, ш. Поселковое, д. 6/9 стр. 7, 887517;2024-12-31 22:38:37;2025-06-29 22:38:37;0;2024-12-31;2024-12-31 22:38:37
344;Глафира Геннадиевна Дорофеева;leonidshirjaev@example.net;ст. Пенза, ул. Мая 1, д. 734 к. 2/1, 498034;2024-09-06 18:06:00;2025-03-05 18:06:00;0;2024-09-06;2024-09-06 18:06:00
344;Ситников Арсений Всеволодович;efimovalora@example.com;к. Костомукша, наб. Волочаевская, д. 7/6 к. 4/2, 981487;2025-03-22 00:14:13;9999-12-31 23:59:59;1;2025-03-22;2025-03-22 00:14:13
345;Дарья Владиславовна Панфилова;sofija_1971@example.com;клх Ноябрьск, ул. Толбухина, д. 9 к. 7/5, 146305;2024-12-10 06:10:06;2025-06-08 06:10:06;0;2024-12-10;2024-12-10 06:10:06
346;Блохин Назар Ануфриевич;yjakushev@example.org;клх Воскресенск, алл. Коммунистическая, д. 835, 728548;2024-11-12 09:13:10;2025-05-11 09:13:10;0;2024-11-12;2024-11-12 09:13:10
346;Радован Валерьянович Потапов;fkalashnikov@example.net;к. Валаам, пр. Черноморский, д. 58, 472913;2025-01-13 10:39:10;9999-12-31 23:59:59;1;2025-01-13;2025-01-13 10:39:10
347;Архипов Пахом Анатольевич;ostap87@example.org;к. Туапсе, бул. Прудный, д. 59 к. 5, 349313;2024-08-07 01:06:43;2025-02-03 01:06:43;0;2024-08-07;2024-08-07 01:06:43
348;Быкова Мария Богдановна;jaropolk_1997@example.com;д. Новгород Великий, ул. Донская, д. 450 стр. 2, 478201;2023-05-18 10:58:00;2023-11-14 10:58:00;0;2023-05-18;2023-05-18 10:58:00
348;Арсений Федосьевич Рогов;nekrasovaevdokija@example.org;г. Ставрополь, пер. Линейный, д. 507 к. 7, 164013;2023-12-27 21:32:50;9999-12-31 23:59:59;1;2023-12-27;2023-12-27 21:32:50
349;Родионова Ангелина Натановна;kondratikulakov@example.net;с. Пенза, алл. Пушкина, д. 850 стр. 28, 468347;2023-05-24 18:41:23;2023-11-20 18:41:23;0;2023-05-24;2023-05-24 18:41:23
350;Корнилов Агап Устинович;pestovvarlaam@example.org;ст. Тавда, пр. Ягодный, д. 7, 905600;2023-12-24 18:27:43;2024-06-21 18:27:43;0;2023-12-24;2023-12-24 18:27:43
350;Алевтина Евгеньевна Журавлева;avtonom_2015@example.net;с. Троицк (Моск.), бул. Солнечный, д. 53, 730348;2023-08-18 09:05:57;9999-12-31 23:59:59;1;2023-08-18;2023-08-18 09:05:57
351;Измаил Аксёнович Горбачев;artemi1990@example.org;клх Новомосковск, ш. Заозерное, д. 793, 993520;2024-12-16 09:30:22;2025-06-14 09:30:22;0;2024-12-16;2024-12-16 09:30:22
352;Ситников Тихон Гертрудович;ekopilova@example.com;клх Арсеньев, пр. Тульский, д. 9/7 к. 9/9, 578532;2025-02-10 02:40:23;2025-08-09 02:40:23;0;2025-02-10;2025-02-10 02:40:23
352;Ипполит Жоресович Мамонтов;polikarp1997@example.com;п. Нязепетровск, пер. Гафури, д. 888 к. 8, 156105;2024-02-11 07:26:09;9999-12-31 23:59:59;1;2024-02-11;2024-02-11 07:26:09
353;Николаева Ираида Сергеевна;bsimonova@example.net;п. Киржач, бул. Братский, д. 58, 813004;2025-03-19 12:47:28;2025-09-15 12:47:28;0;2025-03-19;2025-03-19 12:47:28
354;Юлия Тимофеевна Гусева;epifan_59@example.com;п. Аша, пер. Просвещения, д. 8, 776815;2024-10-06 00:52:22;2025-04-04 00:52:22;0;2024-10-06;2024-10-06 00:52:22
354;Осипова Алевтина Вадимовна;saveli08@example.org;к. Сызрань, бул. Малиновый, д. 7/8 к. 4, 208302;2025-02-18 18:51:57;9999-12-31 23:59:59;1;2025-02-18;2025-02-18 18:51:57
355;г-н Рыбаков Гедеон Филатович;ljubov20@example.org;к. Щелково, ш. Лунное, д. 9 стр. 1/1, 689979;2023-05-30 08:17:35;2023-11-26 08:17:35;0;2023-05-30;2023-05-30 08:17:35
356;Влас Феодосьевич Суханов;haritonoviosif@example.net;г. Чермоз, пр. О.Кошевого, д. 285 к. 4/5, 043066;2023-08-09 22:44:58;2024-02-05 22:44:58;0;2023-08-09;2023-08-09 22:44:58
356;Денисов Юлиан Филимонович;eliseovchinnikov@example.net;к. Амдерма, наб. Степана Разина, д. 4, 224512;2024-02-13 02:22:00;9999-12-31 23:59:59;1;2024-02-13;2024-02-13 02:22:00
357;Ульяна Олеговна Шубина;veniamin_1994@example.net;ст. Белоярский, наб. Советской Армии, д. 19 к. 416, 213050;2023-10-31 14:10:57;2024-04-28 14:10:57;0;2023-10-31;2023-10-31 14:10:57
358;Назаров Петр Бориславович;kim1971@example.net;с. Катав-Ивановск, пер. Красный, д. 121 стр. 2, 977220;2025-01-03 20:32:36;2025-07-02 20:32:36;0;2025-01-03;2025-01-03 20:32:36
358;Акулина Федоровна Воронцова;ermakovvikenti@example.net;д. Канск, ш. 70 лет Октября, д. 3 стр. 465, 007873;2025-02-28 09:58:57;9999-12-31 23:59:59;1;2025-02-28;2025-02-28 09:58:57
359;Софрон Афанасьевич Копылов;ipati_2015@example.com;п. Урай, пр. Олимпийский, д. 7/9 к. 8, 902771;2024-05-30 20:26:30;2024-11-26 20:26:30;0;2024-05-30;2024-05-30 20:26:30
360;Гурьева Эмилия Антоновна;anoskova@example.org;п. Теберда, бул. Алтайский, д. 7, 092547;2023-12-03 16:45:05;2024-05-31 16:45:05;0;2023-12-03;2023-12-03 16:45:05
360;Беляев Сократ Борисович;kovalevmiron@example.net;с. Завьялиха, ш. Циолковского, д. 845 стр. 3/2, 450633;2024-05-28 05:40:09;9999-12-31 23:59:59;1;2024-05-28;2024-05-28 05:40:09
361;Вероника Алексеевна Третьякова;kozlovrostislav@example.org;с. Семлячики, наб. Фадеева, д. 1 стр. 719, 170619;2024-01-20 16:30:05;2024-07-18 16:30:05;0;2024-01-20;2024-01-20 16:30:05
362;Олимпий Богданович Гордеев;bobrovjaroslav@example.org;д. Усть-Джегута, пр. Флотский, д. 9, 852427;2024-09-20 22:53:45;2025-03-19 22:53:45;0;2024-09-20;2024-09-20 22:53:45
362;Мясников Евстафий Феликсович;shashkovaolimpiada@example.com;д. Моршанск, ул. Речная, д. 244 к. 560, 720033;2024-07-27 02:23:36;9999-12-31 23:59:59;1;2024-07-27;2024-07-27 02:23:36
363;Коновалов Мечислав Терентьевич;drozdovnifont@example.net;п. Нерчинск, ш. Попова, д. 87, 640523;2024-10-09 09:07:58;2025-04-07 09:07:58;0;2024-10-09;2024-10-09 09:07:58
364;Карл Ефимьевич Воробьев;zagafonova@example.com;г. Краснокамск, бул. Гафури, д. 5 к. 7, 086948;2023-08-31 19:04:23;2024-02-27 19:04:23;0;2023-08-31;2023-08-31 19:04:23
364;Прасковья Владимировна Чернова;fzatsev@example.org;клх Шуя, ш. Короленко, д. 6/1 к. 2/1, 049634;2023-06-07 00:38:13;9999-12-31 23:59:59;1;2023-06-07;2023-06-07 00:38:13
365;Игнатьева Евгения Мироновна;gushchinafanasi@example.net;клх Мыс Шмидта, пер. Индустриальный, д. 3, 838874;2024-05-27 07:12:04;2024-11-23 07:12:04;0;2024-05-27;2024-05-27 07:12:04
366;Веселова Анжелика Дмитриевна;juli03@example.org;ст. Руза, ул. Революционная, д. 5 стр. 5/8, 374857;2025-03-25 21:29:40;2025-09-21 21:29:40;0;2025-03-25;2025-03-25 21:29:40
366;Зайцева Евдокия Артемовна;iilina@example.org;г. Уренгой, алл. Пограничная, д. 9/9, 723848;2024-10-31 16:17:48;9999-12-31 23:59:59;1;2024-10-31;2024-10-31 16:17:48
367;Евдокимов Трофим Ермолаевич;ignatevlazar@example.org;с. Верхоянск, пр. Строителей, д. 5/7 к. 7/4, 945117;2024-07-14 16:08:55;2025-01-10 16:08:55;0;2024-07-14;2024-07-14 16:08:55
368;Радислав Богданович Кузьмин;tarasovisa@example.org;д. Уэлен, ш. Маркса Карла, д. 66, 249604;2024-09-20 04:14:23;2025-03-19 04:14:23;0;2024-09-20;2024-09-20 04:14:23
368;Агата Викторовна Куликова;elise1994@example.com;п. Верхнее Пенжино, ул. Герцена, д. 2 стр. 9/9, 224356;2024-08-24 07:04:05;9999-12-31 23:59:59;1;2024-08-24;2024-08-24 07:04:05
369;Дорофеев Ростислав Владленович;azaritsvetkov@example.org;г. Чусовой, ул. Минская, д. 3 стр. 2, 160858;2023-10-05 09:13:07;2024-04-02 09:13:07;0;2023-10-05;2023-10-05 09:13:07
370;Иванна Максимовна Морозова;evdokija2007@example.net;д. Моршанск, пер. Щербакова, д. 6/6 стр. 4/6, 358586;2024-03-22 17:40:27;2024-09-18 17:40:27;0;2024-03-22;2024-03-22 17:40:27
370;Рябов Ираклий Афанасьевич;rusakovaevpraksija@example.com;д. Пушкино (Моск.), пр. Ясный, д. 7, 261616;2024-07-03 03:49:25;9999-12-31 23:59:59;1;2024-07-03;2024-07-03 03:49:25
371;Евгения Геннадьевна Тимофеева;fade_58@example.com;ст. Чикола, пер. Союзный, д. 2 стр. 60, 866420;2023-09-20 15:02:09;2024-03-18 15:02:09;0;2023-09-20;2023-09-20 15:02:09
372;Всеволод Ефимьевич Кудряшов;ljubosmislignatov@example.org;к. Сладково, пер. Курчатова, д. 24 стр. 71, 606672;2024-02-20 12:07:32;2024-08-18 12:07:32;0;2024-02-20;2024-02-20 12:07:32
372;Кудрявцев Ювеналий Харитонович;voronovirakli@example.org;клх Усть-Камчатск, пр. Шаумяна, д. 2 к. 354, 901127;2024-08-06 06:12:16;9999-12-31 23:59:59;1;2024-08-06;2024-08-06 06:12:16
373;Тимофеев Евграф Филатович;safonovrjurik@example.net;г. Саров (Морд.), наб. Морозова, д. 5 к. 2/9, 515005;2023-06-08 01:53:34;2023-12-05 01:53:34;0;2023-06-08;2023-06-08 01:53:34
374;Федосеева Лукия Львовна;avdemolchanov@example.com;с. Горно-Алтайск, ш. Волочаевское, д. 462, 257522;2025-02-09 20:28:19;2025-08-08 20:28:19;0;2025-02-09;2025-02-09 20:28:19
374;Анжела Альбертовна Лихачева;evishnjakova@example.org;г. Тимашевск, ул. Трактовая, д. 8/6 стр. 234, 523709;2024-12-22 19:29:17;9999-12-31 23:59:59;1;2024-12-22;2024-12-22 19:29:17
375;Веселова Анастасия Архиповна;evgeni_2014@example.net;клх Камышин, ул. Строительная, д. 172, 452611;2024-05-02 18:54:30;2024-10-29 18:54:30;0;2024-05-02;2024-05-02 18:54:30
376;Лариса Станиславовна Копылова;savvati08@example.com;ст. Лянтор, пр. Зеленый, д. 850, 866172;2025-01-04 23:34:49;2025-07-03 23:34:49;0;2025-01-04;2025-01-04 23:34:49
376;Беляков Феликс Анисимович;svjatopolk17@example.org;п. Малоярославец, бул. Моховой, д. 7, 140872;2023-05-26 04:34:46;9999-12-31 23:59:59;1;2023-05-26;2023-05-26 04:34:46
377;Третьякова Синклитикия Владиславовна;fnovikov@example.com;п. Снежногорск (Мурм.), ул. Проточная, д. 335 стр. 274, 188883;2024-10-26 22:12:37;2025-04-24 22:12:37;0;2024-10-26;2024-10-26 22:12:37
378;Зоя Богдановна Евдокимова;smirnovvladilen@example.com;д. Бреды, ш. Тамбовское, д. 797 стр. 287, 761690;2024-08-21 20:11:30;2025-02-17 20:11:30;0;2024-08-21;2024-08-21 20:11:30
378;Валентина Макаровна Рогова;evfrosinija70@example.org;п. Кизилюрт, алл. Шишкина, д. 16 к. 2, 782118;2023-12-12 17:55:13;9999-12-31 23:59:59;1;2023-12-12;2023-12-12 17:55:13
379;Фадеева Пелагея Богдановна;ipat36@example.com;к. Нижнекамск, ул. Кирпичная, д. 517 к. 1, 376875;2024-01-28 11:58:26;2024-07-26 11:58:26;0;2024-01-28;2024-01-28 11:58:26
380;Мстислав Аксёнович Горшков;kabanovataisija@example.org;п. Курган, пер. Советов, д. 82 к. 68, 501092;2023-04-22 17:58:52;2023-10-19 17:58:52;0;2023-04-22;2023-04-22 17:58:52
380;Борис Гавриилович Лазарев;venediktmamontov@example.com;п. Мураши, пер. Тепличный, д. 3/2 к. 275, 032780;2024-11-27 22:32:58;9999-12-31 23:59:59;1;2024-11-27;2024-11-27 22:32:58
381;Киселева Валентина Афанасьевна;agap_28@example.net;к. Медногорск, пр. Рыбацкий, д. 66 стр. 666, 944439;2024-09-21 15:38:02;2025-03-20 15:38:02;0;2024-09-21;2024-09-21 15:38:02
382;Дементьева Прасковья Павловна;valeri1995@example.com;г. Малоярославец, наб. Белорусская, д. 8/2 к. 7, 151731;2024-11-23 01:56:15;2025-05-22 01:56:15;0;2024-11-23;2024-11-23 01:56:15
382;Лучезар Адамович Николаев;januaridoronin@example.com;д. Яшалта, наб. Привольная, д. 858 к. 7, 613993;2023-06-21 06:12:22;9999-12-31 23:59:59;1;2023-06-21;2023-06-21 06:12:22
383;Доброслав Андреевич Ларионов;antip_18@example.org;ст. Териберка, ш. Горняцкое, д. 397 стр. 6/3, 715534;2024-12-27 08:01:08;2025-06-25 08:01:08;0;2024-12-27;2024-12-27 08:01:08
384;Исаева Ульяна Леонидовна;ladimir1983@example.net;клх Руза, бул. Лазо, д. 8/7 стр. 544, 569339;2024-07-29 10:09:13;2025-01-25 10:09:13;0;2024-07-29;2024-07-29 10:09:13
384;Шестакова Василиса Наумовна;filimon_1971@example.net;д. Кыштым, ул. Таманская, д. 4, 752648;2024-07-31 12:10:26;9999-12-31 23:59:59;1;2024-07-31;2024-07-31 12:10:26
385;Татьяна Архиповна Белоусова;zuevagge@example.net;к. Снежногорск (Мурм.), ул. Донская, д. 7/5, 295756;2024-10-04 07:35:21;2025-04-02 07:35:21;0;2024-10-04;2024-10-04 07:35:21
386;Леонтий Игнатьевич Матвеев;panfilovterenti@example.org;клх Луга, алл. Пархоменко, д. 832 стр. 438, 972196;2025-02-04 19:49:51;2025-08-03 19:49:51;0;2025-02-04;2025-02-04 19:49:51
386;Мартьян Викторович Цветков;ignati_1980@example.net;п. Саянск, наб. Пугачева, д. 80, 382208;2025-02-22 14:05:59;9999-12-31 23:59:59;1;2025-02-22;2025-02-22 14:05:59
387;Ладислав Архипович Доронин;praskovja_2023@example.net;ст. Краснотурьинск, пер. Володарского, д. 3 стр. 3, 709958;2024-03-08 16:35:26;2024-09-04 16:35:26;0;2024-03-08;2024-03-08 16:35:26
388;Мельникова Пелагея Валериевна;ninel_03@example.com;клх Гагарин, ул. Ставропольская, д. 92 к. 9, 766647;2023-04-11 04:09:14;2023-10-08 04:09:14;0;2023-04-11;2023-04-11 04:09:14
388;Влас Матвеевич Крылов;artem1990@example.org;п. Соликамск, алл. Станиславского, д. 775 стр. 3, 438204;2024-09-08 21:09:34;9999-12-31 23:59:59;1;2024-09-08;2024-09-08 21:09:34
389;Щербаков Антип Филимонович;yvlasova@example.net;ст. Шатки, ш. Орловское, д. 7 стр. 7/8, 833427;2024-02-07 17:59:36;2024-08-05 17:59:36;0;2024-02-07;2024-02-07 17:59:36
390;Носова Виктория Вячеславовна;vorobevradislav@example.com;с. Анадырь, пр. М.Горького, д. 9, 325049;2024-12-15 15:19:59;2025-06-13 15:19:59;0;2024-12-15;2024-12-15 15:19:59
390;Орлова Алла Леоновна;filaret15@example.org;с. Вилюйск, ул. Пограничная, д. 3 стр. 902, 785033;2024-10-05 03:07:35;9999-12-31 23:59:59;1;2024-10-05;2024-10-05 03:07:35
391;Иванна Борисовна Мясникова;evlampi_2010@example.net;ст. Красноярск, пр. Российский, д. 7/1 стр. 7, 885441;2024-01-10 06:51:06;2024-07-08 06:51:06;0;2024-01-10;2024-01-10 06:51:06
392;г-жа Корнилова Анжелика Захаровна;jakub_2016@example.com;п. Камень-на-Оби, пр. Рабочий, д. 428 к. 6, 677238;2023-08-25 02:40:13;2024-02-21 02:40:13;0;2023-08-25;2023-08-25 02:40:13
392;Пелагея Никифоровна Сафонова;rostislav_61@example.com;ст. Каневская, бул. Щербакова, д. 64 к. 118, 791255;2023-05-03 11:31:24;9999-12-31 23:59:59;1;2023-05-03;2023-05-03 11:31:24
393;Афиноген Игнатович Зимин;vpopova@example.com;клх Брянск, наб. Запрудная, д. 359 стр. 6/7, 587470;2024-12-07 06:51:21;2025-06-05 06:51:21;0;2024-12-07;2024-12-07 06:51:21
394;Майя Кузьминична Кузнецова;maksimovizot@example.org;п. Макушино, наб. Светлая, д. 85 стр. 3, 837464;2023-06-05 01:03:34;2023-12-02 01:03:34;0;2023-06-05;2023-06-05 01:03:34
394;Белозерова Лукия Афанасьевна;andre_64@example.org;с. Йошкар-Ола, бул. Тупиковый, д. 785 стр. 59, 559192;2024-08-26 05:10:26;9999-12-31 23:59:59;1;2024-08-26;2024-08-26 05:10:26
395;Рыбаков Бажен Харламович;foti_1988@example.com;к. Холмск, ш. Союзное, д. 2, 111750;2024-02-23 05:59:02;2024-08-21 05:59:02;0;2024-02-23;2024-02-23 05:59:02
396;Орест Денисович Стрелков;vasilisa_72@example.org;клх Витим, ш. Слободское, д. 3/3 стр. 93, 067173;2023-06-07 15:16:10;2023-12-04 15:16:10;0;2023-06-07;2023-06-07 15:16:10
396;Моисеев Фортунат Бенедиктович;lebedevatatjana@example.com;г. Тында, алл. Панфилова, д. 6/4, 973760;2024-10-23 13:40:05;9999-12-31 23:59:59;1;2024-10-23;2024-10-23 13:40:05
397;Виктория Семеновна Муравьева;pahompotapov@example.net;клх Курск, ш. Интернациональное, д. 9, 597549;2025-01-05 00:08:34;2025-07-04 00:08:34;0;2025-01-05;2025-01-05 00:08:34
398;Майя Павловна Белова;tzatsev@example.net;к. Канск, бул. Санаторный, д. 8/9 к. 9/7, 427946;2025-02-24 16:36:15;2025-08-23 16:36:15;0;2025-02-24;2025-02-24 16:36:15
398;Захарова Ксения Богдановна;borisovanadezhda@example.com;к. Ведено, ш. 40 лет Победы, д. 27 к. 12, 017976;2024-05-13 20:55:22;9999-12-31 23:59:59;1;2024-05-13;2024-05-13 20:55:22
399;Рыбаков Мина Ефимьевич;kguseva@example.org;п. Чехов, ш. Фабричное, д. 7 стр. 1/7, 795398;2023-08-05 10:04:56;2024-02-01 10:04:56;0;2023-08-05;2023-08-05 10:04:56
400;Раиса Юрьевна Силина;spartak_02@example.net;д. Мончегорск, пр. Степной, д. 5 стр. 5/7, 439887;2024-12-26 05:19:51;2025-06-24 05:19:51;0;2024-12-26;2024-12-26 05:19:51
400;Кузьма Васильевич Тетерин;ilja_96@example.org;с. Гремячинск (Бурят.), ш. Магистральное, д. 4/8 к. 8/1, 347355;2024-12-20 05:00:46;9999-12-31 23:59:59;1;2024-12-20;2024-12-20 05:00:46
401;Белов Федор Феофанович;sigizmund_60@example.org;д. Белореченск, наб. Радищева, д. 47 к. 1/6, 586334;2023-07-13 05:25:12;2024-01-09 05:25:12;0;2023-07-13;2023-07-13 05:25:12
402;Светлана Владиславовна Павлова;kulikovaevpraksija@example.org;д. Соликамск, бул. Щорса, д. 8/5 стр. 695, 588121;2023-05-13 06:50:30;2023-11-09 06:50:30;0;2023-05-13;2023-05-13 06:50:30
402;Воробьев Амвросий Фомич;veniamin_25@example.com;г. Эльбрус, алл. Верхняя, д. 98 стр. 58, 667801;2023-10-31 08:16:53;9999-12-31 23:59:59;1;2023-10-31;2023-10-31 08:16:53
403;Глафира Ждановна Евсеева;ruben_1980@example.org;клх Тулпан, алл. Комсомольская, д. 9/5 стр. 5/8, 681908;2024-04-30 07:24:57;2024-10-27 07:24:57;0;2024-04-30;2024-04-30 07:24:57
404;Давыдов Викторин Зиновьевич;prokofikonstantinov@example.com;ст. Шарья, ул. Шевченко, д. 798, 083463;2023-08-13 21:45:53;2024-02-09 21:45:53;0;2023-08-13;2023-08-13 21:45:53
404;Роман Витальевич Никонов;avtonom2001@example.net;п. Нижний Тагил, ш. Свободы, д. 579, 181576;2023-04-12 17:09:59;9999-12-31 23:59:59;1;2023-04-12;2023-04-12 17:09:59
405;Януарий Гурьевич Куликов;kozlovbojan@example.org;ст. Устюжна, алл. Солнечная, д. 545, 582954;2024-09-02 19:24:08;2025-03-01 19:24:08;0;2024-09-02;2024-09-02 19:24:08
406;Евлампий Давыдович Максимов;pankrati18@example.net;д. Гудермес, пер. Буденного, д. 7/9, 972270;2023-11-19 03:24:02;2024-05-17 03:24:02;0;2023-11-19;2023-11-19 03:24:02
406;Валерий Германович Ларионов;nikon1982@example.org;п. Черемхово, ул. Олимпийская, д. 3/2 стр. 89, 316556;2023-09-02 04:35:14;9999-12-31 23:59:59;1;2023-09-02;2023-09-02 04:35:14
407;Майя Валериевна Кулагина;omakarova@example.com;д. Арсеньев, ул. Макарова, д. 718 к. 2, 428247;2025-02-10 13:50:19;2025-08-09 13:50:19;0;2025-02-10;2025-02-10 13:50:19
408;Бирюков Аполлинарий Григорьевич;vpanfilov@example.com;к. Каргополь, бул. Пушкинский, д. 81, 780486;2024-12-13 09:05:58;2025-06-11 09:05:58;0;2024-12-13;2024-12-13 09:05:58
408;Прохоров Тихон Ермолаевич;vatslav1984@example.com;к. Чита, бул. Новгородский, д. 6 к. 511, 015487;2023-06-05 23:40:51;9999-12-31 23:59:59;1;2023-06-05;2023-06-05 23:40:51
409;тов. Новиков Лучезар Гаврилович;kovalevaksenija@example.com;п. Быково (метеост.), ш. Белорусское, д. 55, 026202;2024-02-23 19:03:21;2024-08-21 19:03:21;0;2024-02-23;2024-02-23 19:03:21
410;Григорьева Прасковья Викторовна;kazakovasvetlana@example.org;ст. Томари, бул. Авиационный, д. 61 к. 3, 261738;2024-04-03 19:54:43;2024-09-30 19:54:43;0;2024-04-03;2024-04-03 19:54:43
410;Бронислав Гордеевич Антонов;blinovnatan@example.org;к. Билибино, наб. Жданова, д. 16 стр. 81, 499137;2023-04-28 08:20:47;9999-12-31 23:59:59;1;2023-04-28;2023-04-28 08:20:47
411;Матвеева Любовь Кузьминична;karl_2009@example.org;г. Нефедова, ул. Блюхера, д. 7 стр. 8/1, 531792;2025-04-01 15:16:50;2025-09-28 15:16:50;0;2025-04-01;2025-04-01 15:16:50
412;Пелагея Антоновна Громова;vorontsovljubim@example.org;п. Объячево, бул. Рязанский, д. 84 к. 827, 199968;2023-05-25 03:59:33;2023-11-21 03:59:33;0;2023-05-25;2023-05-25 03:59:33
412;Русакова Синклитикия Рубеновна;radovanseliverstov@example.net;ст. Якутск, пр. Пирогова, д. 229 стр. 255, 205333;2025-01-20 02:27:55;9999-12-31 23:59:59;1;2025-01-20;2025-01-20 02:27:55
413;Аристарх Власович Рябов;vladimirovmoise@example.org;ст. Черусти, ул. Чехова, д. 9/6, 294556;2023-05-16 21:41:49;2023-11-12 21:41:49;0;2023-05-16;2023-05-16 21:41:49
414;Нонна Валериевна Тимофеева;dobroslav12@example.com;с. Белокуриха, бул. Попова, д. 6 стр. 72, 994022;2024-12-08 21:46:57;2025-06-06 21:46:57;0;2024-12-08;2024-12-08 21:46:57
414;Юрий Валерианович Антонов;efremovklavdi@example.com;г. Темрюк, пр. Курчатова, д. 521, 734841;2023-09-18 14:36:55;9999-12-31 23:59:59;1;2023-09-18;2023-09-18 14:36:55
415;Суханова Галина Кузьминична;demid1994@example.net;с. Тавда, наб. Космодемьянской, д. 5/6, 568541;2024-04-22 16:57:15;2024-10-19 16:57:15;0;2024-04-22;2024-04-22 16:57:15
416;Яков Архипович Смирнов;evdokimovstojan@example.org;к. Нефтегорск (Самар.), ш. Интернациональное, д. 669, 828354;2023-12-15 17:27:02;2024-06-12 17:27:02;0;2023-12-15;2023-12-15 17:27:02
416;Марфа Игоревна Кошелева;ippolit78@example.net;к. Звенигород, ш. Фабричное, д. 27, 744621;2024-08-05 11:10:46;9999-12-31 23:59:59;1;2024-08-05;2024-08-05 11:10:46
417;г-н Зайцев Фома Власович;aristarh2002@example.net;к. Анапа, алл. Коммунальная, д. 7, 366255;2024-05-05 21:21:10;2024-11-01 21:21:10;0;2024-05-05;2024-05-05 21:21:10
418;Агафья Станиславовна Костина;juvenali_2022@example.org;п. Тарко-Сале, ул. Заводская, д. 330 к. 878, 957579;2023-11-12 00:16:07;2024-05-10 00:16:07;0;2023-11-12;2023-11-12 00:16:07
418;Глафира Станиславовна Зимина;elizar1987@example.com;г. Каневская, наб. Бульварная, д. 5/4 стр. 526, 481288;2023-10-29 08:13:21;9999-12-31 23:59:59;1;2023-10-29;2023-10-29 08:13:21
419;Голубева София Архиповна;svetozar1994@example.com;д. Бавлы, ул. Театральная, д. 70 к. 9/6, 064707;2024-05-14 10:07:10;2024-11-10 10:07:10;0;2024-05-14;2024-05-14 10:07:10
420;Лыткин Исай Анатольевич;cheslav2005@example.com;г. Губкинский, ш. Ангарское, д. 76 к. 63, 989817;2025-03-12 09:14:11;2025-09-08 09:14:11;0;2025-03-12;2025-03-12 09:14:11
420;Евдокимова Ия Станиславовна;faina1988@example.com;д. Мценск, ул. Орджоникидзе, д. 6/8 стр. 1, 426093;2024-03-08 12:41:09;9999-12-31 23:59:59;1;2024-03-08;2024-03-08 12:41:09
421;Фаина Захаровна Никонова;konstantin_33@example.com;ст. Красноселькуп, бул. Заовражный, д. 25 стр. 41, 349575;2023-07-27 02:33:12;2024-01-23 02:33:12;0;2023-07-27;2023-07-27 02:33:12
422;Наина Матвеевна Зайцева;ukalinin@example.com;п. Переславль-Залесский, пр. Овражный, д. 15 к. 8/9, 534509;2024-10-22 04:43:28;2025-04-20 04:43:28;0;2024-10-22;2024-10-22 04:43:28
422;Евфросиния Михайловна Семенова;komarovmarian@example.net;с. Мелеуз, бул. Радищева, д. 30 к. 637, 252068;2023-08-26 01:21:13;9999-12-31 23:59:59;1;2023-08-26;2023-08-26 01:21:13
423;Колобов Адриан Фокич;muravevakira@example.org;п. Сочи, ш. Санаторное, д. 6/3, 293147;2025-03-31 10:53:02;2025-09-27 10:53:02;0;2025-03-31;2025-03-31 10:53:02
424;Баранова Нинель Романовна;ribakovelizar@example.org;клх Сковородино, бул. Нефтяников, д. 57, 195741;2024-03-15 03:35:55;2024-09-11 03:35:55;0;2024-03-15;2024-03-15 03:35:55
424;Пелагея Геннадьевна Щербакова;zosima_08@example.com;д. Балашиха, ш. Химиков, д. 4/9, 674840;2024-09-27 11:25:33;9999-12-31 23:59:59;1;2024-09-27;2024-09-27 11:25:33
425;Вацлав Изотович Уваров;denisovazoja@example.net;клх Ялуторовск, пр. Болотный, д. 6/3, 143320;2024-08-02 07:05:28;2025-01-29 07:05:28;0;2024-08-02;2024-08-02 07:05:28
426;Лора Рубеновна Виноградова;izmail_1999@example.org;п. Усть-Ордынский, ш. Жданова, д. 4/2, 515241;2023-09-20 20:58:01;2024-03-18 20:58:01;0;2023-09-20;2023-09-20 20:58:01
426;Емельянова Элеонора Аскольдовна;shcherbakovvikenti@example.net;клх Кимры, наб. Мусы Джалиля, д. 2, 591895;2024-04-11 12:26:16;9999-12-31 23:59:59;1;2024-04-11;2024-04-11 12:26:16
427;Шилова Валерия Даниловна;evstafi_2007@example.net;г. Внуково (метеост.), пер. Достоевского, д. 1 стр. 48, 340434;2023-08-15 04:53:31;2024-02-11 04:53:31;0;2023-08-15;2023-08-15 04:53:31
428;Надежда Геннадьевна Воронова;sokrat57@example.net;к. Кижи, пер. Станционный, д. 3/9 стр. 432, 791261;2023-07-08 15:40:55;2024-01-04 15:40:55;0;2023-07-08;2023-07-08 15:40:55
428;Агафонова Эмилия Ефимовна;averki28@example.net;к. Соловки, ш. Приморское, д. 617 стр. 945, 052248;2024-05-14 22:08:00;9999-12-31 23:59:59;1;2024-05-14;2024-05-14 22:08:00
429;Фролов Мстислав Арсенович;rogovaolga@example.net;ст. Хужир, пр. Революции, д. 8 стр. 139, 367550;2023-06-23 13:14:09;2023-12-20 13:14:09;0;2023-06-23;2023-06-23 13:14:09
430;Мельников Борислав Евстигнеевич;belovandre@example.com;с. Сосновый Бор, пр. 30 лет Победы, д. 6, 929241;2023-04-20 12:56:31;2023-10-17 12:56:31;0;2023-04-20;2023-04-20 12:56:31
430;Павлова Ульяна Геннадиевна;tretjakovkim@example.org;п. Аршан (Бурят.), бул. Краснодарский, д. 76 к. 466, 108462;2024-08-30 22:25:12;9999-12-31 23:59:59;1;2024-08-30;2024-08-30 22:25:12
431;Клавдия Болеславовна Соловьева;selivan_1987@example.org;ст. Снежинск, ш. Ленина, д. 7/3 стр. 7, 362292;2023-12-18 05:51:13;2024-06-15 05:51:13;0;2023-12-18;2023-12-18 05:51:13
432;Олимпий Всеволодович Федотов;innokentikomissarov@example.org;к. Нерчинск, пр. Энергетический, д. 1/2, 496917;2024-12-19 16:59:29;2025-06-17 16:59:29;0;2024-12-19;2024-12-19 16:59:29
432;Анастасия Аскольдовна Николаева;budimiremeljanov@example.org;клх Кедровый, бул. Победа, д. 2/6, 168922;2023-12-12 22:50:33;9999-12-31 23:59:59;1;2023-12-12;2023-12-12 22:50:33
433;Иванна Леонидовна Устинова;svjatopolk_92@example.com;к. Ижевск, ул. Учительская, д. 65 стр. 262, 871246;2023-06-23 00:33:53;2023-12-20 00:33:53;0;2023-06-23;2023-06-23 00:33:53
434;Велимир Эдуардович Федосеев;polikarpvladimirov@example.org;с. Губкинский, пр. Ольховый, д. 571 к. 8/4, 350187;2023-04-15 18:35:13;2023-10-12 18:35:13;0;2023-04-15;2023-04-15 18:35:13
434;Комарова Татьяна Александровна;demjan81@example.com;п. Александров Гай, алл. Макаренко, д. 51, 927479;2024-07-14 15:50:37;9999-12-31 23:59:59;1;2024-07-14;2024-07-14 15:50:37
435;Таисия Георгиевна Корнилова;kalashnikovnaum@example.org;д. Оха, ул. Крымская, д. 6 стр. 9/5, 487367;2025-01-14 20:54:37;2025-07-13 20:54:37;0;2025-01-14;2025-01-14 20:54:37
436;Зыков Онуфрий Фокич;mihailteterin@example.net;клх Миллерово, пер. Макаренко, д. 164 к. 7, 414195;2024-09-26 06:12:40;2025-03-25 06:12:40;0;2024-09-26;2024-09-26 06:12:40
436;Борис Валентинович Ефремов;fortunat_78@example.net;г. Орел, алл. Сельская, д. 814, 574464;2024-11-27 03:07:25;9999-12-31 23:59:59;1;2024-11-27;2024-11-27 03:07:25
437;Милий Григорьевич Воронцов;nosovgeorgi@example.org;г. Агата, пер. Энергетиков, д. 7 к. 5, 377006;2024-10-10 13:04:06;2025-04-08 13:04:06;0;2024-10-10;2024-10-10 13:04:06
438;г-н Корнилов Арсений Афанасьевич;sofron_2008@example.com;с. Вытегра, пр. Коммунальный, д. 2 стр. 1, 618102;2024-07-17 08:08:56;2025-01-13 08:08:56;0;2024-07-17;2024-07-17 08:08:56
438;Кононова Кира Алексеевна;kalashnikovvarfolome@example.com;к. Североуральск, алл. Проезжая, д. 867, 326779;2024-12-25 03:28:26;9999-12-31 23:59:59;1;2024-12-25;2024-12-25 03:28:26
439;Новиков Велимир Ярославович;safonoverast@example.org;с. Кемерово, бул. Заозерный, д. 36 стр. 6, 042430;2023-06-11 07:02:26;2023-12-08 07:02:26;0;2023-06-11;2023-06-11 07:02:26
440;Бурова Евфросиния Петровна;jakovlevevgeni@example.net;клх Качканар, ш. Ермака, д. 681, 455373;2024-05-17 01:04:42;2024-11-13 01:04:42;0;2024-05-17;2024-05-17 01:04:42
440;Прокофий Адрианович Фомин;varfolome_2001@example.net;д. Нижнекамск, ул. Олега Кошевого, д. 355 стр. 9/4, 307386;2024-10-25 13:16:48;9999-12-31 23:59:59;1;2024-10-25;2024-10-25 13:16:48
441;Беляков Станислав Давидович;boris52@example.net;п. Липецк, пер. Таманский, д. 6/5 стр. 969, 851390;2023-05-17 04:52:25;2023-11-13 04:52:25;0;2023-05-17;2023-05-17 04:52:25
442;Жданов Конон Гертрудович;ratiborsamsonov@example.com;г. Поронайск, наб. Коммунаров, д. 317 к. 53, 204629;2023-04-27 01:55:44;2023-10-24 01:55:44;0;2023-04-27;2023-04-27 01:55:44
442;Шубин Савватий Трофимович;asolovev@example.org;к. Долинск, пер. Коммунаров, д. 2/2 к. 45, 769904;2024-02-28 16:35:50;9999-12-31 23:59:59;1;2024-02-28;2024-02-28 16:35:50
443;Муравьев Иннокентий Давыдович;feliksnovikov@example.com;д. Бомнак, бул. Пугачева, д. 4/9 стр. 7, 988771;2025-03-19 16:30:50;2025-09-15 16:30:50;0;2025-03-19;2025-03-19 16:30:50
444;Лыткина Тамара Архиповна;sitnikovalarisa@example.org;клх Серпухов, бул. Ильича, д. 65 к. 3/4, 134108;2024-05-12 17:45:58;2024-11-08 17:45:58;0;2024-05-12;2024-05-12 17:45:58
444;Вышеслав Васильевич Казаков;ostap38@example.net;с. Иваново, пер. Приозерный, д. 92, 870230;2023-07-11 22:57:49;9999-12-31 23:59:59;1;2023-07-11;2023-07-11 22:57:49
445;Раиса Егоровна Некрасова;firs_85@example.com;клх Юрьевец (Иван.), бул. Верхний, д. 5/4, 290010;2025-01-22 03:43:48;2025-07-21 03:43:48;0;2025-01-22;2025-01-22 03:43:48
446;Елисеева Лидия Феликсовна;edrozdova@example.org;клх Колпашево, ул. Сахалинская, д. 73 к. 1, 419191;2024-05-03 23:04:09;2024-10-30 23:04:09;0;2024-05-03;2024-05-03 23:04:09
446;Исай Бенедиктович Новиков;kmorozova@example.org;с. Анива, пер. Добролюбова, д. 69 стр. 850, 018364;2025-03-04 19:46:02;9999-12-31 23:59:59;1;2025-03-04;2025-03-04 19:46:02
447;Фёкла Ефимовна Козлова;oleg_1987@example.com;к. Верхнее Пенжино, ш. Шоссейное, д. 81 к. 204, 426650;2024-12-11 13:55:39;2025-06-09 13:55:39;0;2024-12-11;2024-12-11 13:55:39
448;Степанов Григорий Фролович;lukija_84@example.net;ст. Серов, пер. Никитина, д. 333 к. 9, 004430;2024-01-09 03:50:09;2024-07-07 03:50:09;0;2024-01-09;2024-01-09 03:50:09
448;Нестеров Савелий Валерьянович;oleg_51@example.net;к. Юрьевец (Иван.), ул. Специалистов, д. 7, 628858;2023-08-08 08:08:27;9999-12-31 23:59:59;1;2023-08-08;2023-08-08 08:08:27
449;Творимир Витальевич Уваров;erofe2009@example.net;с. Юровск, ш. Курчатова, д. 565 к. 88, 480369;2024-11-03 17:52:17;2025-05-02 17:52:17;0;2024-11-03;2024-11-03 17:52:17
450;Галина Наумовна Кондратьева;sorokinavksenti@example.net;к. Малая Вишера, наб. Рылеева, д. 9/3 к. 254, 360995;2025-02-26 17:53:13;2025-08-25 17:53:13;0;2025-02-26;2025-02-26 17:53:13
450;Крюков Лазарь Ааронович;porfiribikov@example.com;г. Тутаев, бул. Заливный, д. 16, 411239;2023-05-19 07:31:12;9999-12-31 23:59:59;1;2023-05-19;2023-05-19 07:31:12
451;Будимир Иларионович Шашков;zinovi_1991@example.com;д. Балашов, пр. Шолохова, д. 9 стр. 782, 504178;2023-05-06 06:29:14;2023-11-02 06:29:14;0;2023-05-06;2023-05-06 06:29:14
452;Тетерина Регина Львовна;lidija1986@example.net;г. Тобольск, бул. Халтурина, д. 2 стр. 6/3, 603423;2025-03-04 23:05:26;2025-08-31 23:05:26;0;2025-03-04;2025-03-04 23:05:26
452;Лаврентьев Иосиф Афанасьевич;ratmir_2007@example.net;клх Сорочинск, пр. Лесхозный, д. 78 стр. 75, 231861;2023-04-29 16:24:52;9999-12-31 23:59:59;1;2023-04-29;2023-04-29 16:24:52
453;Таисия Эдуардовна Воронцова;julian_78@example.com;д. Сургут (Хант.), бул. Ростовский, д. 1/8, 227950;2024-01-30 05:44:54;2024-07-28 05:44:54;0;2024-01-30;2024-01-30 05:44:54
454;Спартак Данилович Лебедев;kondratfomin@example.org;д. Кырен, пер. Шевченко, д. 6/3 к. 6/3, 105847;2024-07-20 04:13:42;2025-01-16 04:13:42;0;2024-07-20;2024-07-20 04:13:42
454;Лука Яковлевич Ширяев;qkabanova@example.net;ст. Яшкуль, наб. Гайдара, д. 8 к. 5/1, 614897;2024-01-18 15:34:06;9999-12-31 23:59:59;1;2024-01-18;2024-01-18 15:34:06
455;Абрамов Боян Феликсович;frol1999@example.com;г. Карталы, ш. Машиностроителей, д. 6 стр. 869, 773176;2024-06-27 00:59:34;2024-12-24 00:59:34;0;2024-06-27;2024-06-27 00:59:34
456;Лобанова Варвара Игоревна;ksenija_80@example.org;ст. Москва, наб. Мичурина, д. 9, 153176;2024-03-08 22:23:46;2024-09-04 22:23:46;0;2024-03-08;2024-03-08 22:23:46
456;Лариса Владимировна Тарасова;ljubosmisl_2024@example.com;д. Печора, пр. Шолохова, д. 7, 958086;2023-06-14 16:15:57;9999-12-31 23:59:59;1;2023-06-14;2023-06-14 16:15:57
457;Сысоева Наина Валентиновна;kim1984@example.com;ст. Дербент, пр. Нахимова, д. 9/7 стр. 6/1, 786522;2024-10-18 17:04:03;2025-04-16 17:04:03;0;2024-10-18;2024-10-18 17:04:03
458;Николаева Лидия Владиславовна;apollon2001@example.com;г. Тимашевск, пр. Вишневый, д. 1 стр. 115, 521506;2023-07-20 02:47:26;2024-01-16 02:47:26;0;2023-07-20;2023-07-20 02:47:26
458;Филимон Измаилович Фомин;jaroslav1986@example.org;г. Псебай, наб. Семашко, д. 431 стр. 6, 762044;2023-10-03 14:42:52;9999-12-31 23:59:59;1;2023-10-03;2023-10-03 14:42:52
459;Харитонов Трифон Ильич;evlampisidorov@example.org;к. Ангарск, ул. Добролюбова, д. 896, 017200;2024-05-19 23:44:19;2024-11-15 23:44:19;0;2024-05-19;2024-05-19 23:44:19
460;Голубев Владислав Теймуразович;ybirjukova@example.com;д. Ноябрьск, ш. Ударное, д. 309 стр. 1, 603754;2024-01-18 11:51:36;2024-07-16 11:51:36;0;2024-01-18;2024-01-18 11:51:36
460;Семенова Лариса Игоревна;nikifor_1997@example.net;к. Ревда (Сверд.), бул. Лазо, д. 58 к. 571, 925642;2024-10-04 21:38:50;9999-12-31 23:59:59;1;2024-10-04;2024-10-04 21:38:50
461;Алла Альбертовна Блохина;pestovavarvara@example.com;п. Вилюйск, ш. Свободы, д. 776 к. 31, 564400;2024-07-25 03:33:06;2025-01-21 03:33:06;0;2024-07-25;2024-07-25 03:33:06
462;Белякова Кира Ивановна;jnosov@example.net;г. Баксан, ш. Вишневое, д. 168 к. 970, 432802;2023-12-05 13:08:13;2024-06-02 13:08:13;0;2023-12-05;2023-12-05 13:08:13
462;Миронов Николай Григорьевич;sisoevafanasi@example.org;с. Ульяновск, пр. Стадионный, д. 8 к. 416, 488128;2023-06-23 08:52:20;9999-12-31 23:59:59;1;2023-06-23;2023-06-23 08:52:20
463;Лидия Тимофеевна Лебедева;sofron_32@example.com;п. Новгород Великий, наб. Степана Разина, д. 3/6 стр. 879, 445141;2023-10-18 23:39:40;2024-04-15 23:39:40;0;2023-10-18;2023-10-18 23:39:40
464;Марков Лучезар Иосипович;samuilshashkov@example.net;п. Старая Русса, ул. Морская, д. 43, 263298;2023-10-24 03:23:56;2024-04-21 03:23:56;0;2023-10-24;2023-10-24 03:23:56
464;Агафья Владимировна Александрова;irina1980@example.org;с. Кирово-Чепецк, ш. Угловое, д. 1 к. 4/5, 510193;2024-01-09 21:40:49;9999-12-31 23:59:59;1;2024-01-09;2024-01-09 21:40:49
465;Ершова Анжелика Юльевна;naum_1989@example.org;к. Елабуга, бул. Радужный, д. 7/7 к. 69, 764672;2025-03-12 05:43:37;2025-09-08 05:43:37;0;2025-03-12;2025-03-12 05:43:37
466;Степан Фомич Панов;gerasimovalora@example.org;клх Анадырь, алл. 40 лет Октября, д. 374, 610832;2025-03-19 16:38:42;2025-09-15 16:38:42;0;2025-03-19;2025-03-19 16:38:42
466;Наталья Максимовна Брагина;hbikov@example.com;к. Октябрьское (Хант.), пер. Сенной, д. 874 стр. 984, 089022;2023-12-30 01:04:44;9999-12-31 23:59:59;1;2023-12-30;2023-12-30 01:04:44
467;Фока Бориславович Яковлев;gorbachevamilitsa@example.org;с. Джубга, ул. Больничная, д. 268, 472888;2023-05-26 06:51:51;2023-11-22 06:51:51;0;2023-05-26;2023-05-26 06:51:51
468;Аполлинарий Тихонович Симонов;belousovguri@example.com;к. Ряжск, пр. Камский, д. 313 к. 9, 615674;2025-02-24 08:33:21;2025-08-23 08:33:21;0;2025-02-24;2025-02-24 08:33:21
468;Алла Вадимовна Доронина;pahomovmark@example.org;клх Балашиха, ул. Черемуховая, д. 2/7 стр. 9/4, 640100;2023-07-29 09:48:24;9999-12-31 23:59:59;1;2023-07-29;2023-07-29 09:48:24
469;Андрей Алексеевич Беспалов;korolevairaida@example.org;к. Жигулевск, ш. Депутатское, д. 47 стр. 264, 611130;2023-08-10 16:43:03;2024-02-06 16:43:03;0;2023-08-10;2023-08-10 16:43:03
470;Козлова Галина Алексеевна;vatslav90@example.net;ст. Тольятти, пер. Володарского, д. 3 стр. 1, 300505;2024-09-13 04:50:53;2025-03-12 04:50:53;0;2024-09-13;2024-09-13 04:50:53
470;Гуляев Аким Ефстафьевич;radovanantonov@example.net;д. Шатура, пр. Широкий, д. 908, 489374;2024-11-23 10:33:46;9999-12-31 23:59:59;1;2024-11-23;2024-11-23 10:33:46
471;Красильникова Ольга Натановна;nikita1977@example.org;клх Бологое, бул. Высоковольтный, д. 597 стр. 60, 865836;2024-04-28 05:39:12;2024-10-25 05:39:12;0;2024-04-28;2024-04-28 05:39:12
472;Иванова Дарья Михайловна;golubevaoksana@example.com;с. Крымск, алл. Чайкиной, д. 214 стр. 7, 982164;2024-12-10 02:17:51;2025-06-08 02:17:51;0;2024-12-10;2024-12-10 02:17:51
472;Сила Власович Лыткин;regina14@example.com;п. Можайск, пер. Дзержинского, д. 869 стр. 123, 527646;2024-05-02 09:43:22;9999-12-31 23:59:59;1;2024-05-02;2024-05-02 09:43:22
473;Эмиль Зиновьевич Силин;zlihacheva@example.net;ст. Арсеньев, алл. Гайдара, д. 6/3 к. 3/2, 655158;2025-01-25 16:57:35;2025-07-24 16:57:35;0;2025-01-25;2025-01-25 16:57:35
474;Нестерова Пелагея Григорьевна;alina2013@example.net;к. Сусуман, пр. Казачий, д. 361 стр. 2, 550865;2024-07-27 11:25:26;2025-01-23 11:25:26;0;2024-07-27;2024-07-27 11:25:26
474;Панкратий Архипович Анисимов;milenzuev@example.com;ст. Усолье Сибирское, ул. Декабристов, д. 140 стр. 3, 068979;2024-08-04 11:41:54;9999-12-31 23:59:59;1;2024-08-04;2024-08-04 11:41:54
475;Евфросиния Архиповна Воробьева;trofimovazinaida@example.org;п. Усть-Камчатск, наб. Калужская, д. 4, 532103;2024-03-30 14:51:41;2024-09-26 14:51:41;0;2024-03-30;2024-03-30 14:51:41
476;Авдеева Фёкла Рудольфовна;serge39@example.org;г. Туруханск, бул. Минина, д. 9/6, 475605;2024-02-19 17:20:51;2024-08-17 17:20:51;0;2024-02-19;2024-02-19 17:20:51
476;Иосиф Арсенович Игнатов;denis1995@example.org;ст. Тикси, наб. Менделеева, д. 8/6 стр. 43, 867352;2023-12-26 22:56:39;9999-12-31 23:59:59;1;2023-12-26;2023-12-26 22:56:39
477;тов. Зыкова Раиса Феликсовна;tvorimirjakovlev@example.com;г. Белокуриха, наб. Набережная, д. 32, 262831;2024-11-03 14:24:12;2025-05-02 14:24:12;0;2024-11-03;2024-11-03 14:24:12
478;Белоусов Кондратий Жанович;miheevamarija@example.org;к. Приморско-Ахтарск, пр. Шахтерский, д. 8/8 стр. 703, 439409;2023-11-05 21:50:48;2024-05-03 21:50:48;0;2023-11-05;2023-11-05 21:50:48
478;Агафья Геннадиевна Субботина;ostap1988@example.net;к. Холмск, ул. Металлистов, д. 38 стр. 238, 347947;2023-05-22 12:08:43;9999-12-31 23:59:59;1;2023-05-22;2023-05-22 12:08:43
479;Наталья Ивановна Лаврентьева;marija2024@example.org;клх Новгород Великий, наб. Шахтерская, д. 1 стр. 15, 101876;2024-07-31 04:25:07;2025-01-27 04:25:07;0;2024-07-31;2024-07-31 04:25:07
480;Викторин Денисович Тихонов;gavrilovhariton@example.net;д. Ямбург, алл. Белорусская, д. 22, 589660;2025-01-12 12:41:07;2025-07-11 12:41:07;0;2025-01-12;2025-01-12 12:41:07
480;Захаров Селиверст Яковлевич;arseni39@example.com;клх Мирный, ул. Сиреневая, д. 41, 424638;2023-09-29 19:58:39;9999-12-31 23:59:59;1;2023-09-29;2023-09-29 19:58:39
481;Быкова Таисия Константиновна;qnaumova@example.org;д. Енисейск, алл. Новосельская, д. 6/2 к. 48, 611845;2024-05-15 13:49:29;2024-11-11 13:49:29;0;2024-05-15;2024-05-15 13:49:29
482;Остап Чеславович Галкин;filaret51@example.net;п. Магнитогорск, пер. Лесный, д. 1/8 к. 133, 007538;2024-04-05 20:28:15;2024-10-02 20:28:15;0;2024-04-05;2024-04-05 20:28:15
482;Евгения Львовна Бирюкова;svjatopolkshirjaev@example.org;д. Чокурдах, ш. Портовое, д. 968, 244641;2024-12-18 20:11:25;9999-12-31 23:59:59;1;2024-12-18;2024-12-18 20:11:25
483;Александра Владимировна Исакова;seleznevmark@example.org;к. Миасс, наб. Проточная, д. 51 к. 14, 439386;2024-04-28 07:55:46;2024-10-25 07:55:46;0;2024-04-28;2024-04-28 07:55:46
484;Брагина Пелагея Даниловна;regina2004@example.net;д. Верхний Баскунчак, ш. Деповское, д. 3, 078365;2023-06-19 13:40:55;2023-12-16 13:40:55;0;2023-06-19;2023-06-19 13:40:55
484;Ферапонт Харлампович Агафонов;nikanor_80@example.org;ст. Новгород Великий, ул. Красноярская, д. 1/8, 967618;2024-02-08 02:11:28;9999-12-31 23:59:59;1;2024-02-08;2024-02-08 02:11:28
485;Спартак Виленович Корнилов;nikiforovanike@example.com;ст. Тайшет, ш. 8 Марта, д. 423, 098009;2024-11-05 05:44:02;2025-05-04 05:44:02;0;2024-11-05;2024-11-05 05:44:02
486;Соломон Викентьевич Ситников;haritonovemeljan@example.com;с. Беломорск, бул. 9 мая, д. 64, 588310;2025-02-24 09:35:24;2025-08-23 09:35:24;0;2025-02-24;2025-02-24 09:35:24
486;Абрамова Валентина Яковлевна;sgavrilov@example.net;п. Волоколамск, ш. Халтурина, д. 84 к. 458, 731761;2024-07-31 12:13:25;9999-12-31 23:59:59;1;2024-07-31;2024-07-31 12:13:25
487;Дмитрий Арсеньевич Смирнов;fomichevpetr@example.net;г. Стерлитамак, наб. 9 мая, д. 3/4 стр. 6, 453881;2024-12-31 08:08:48;2025-06-29 08:08:48;0;2024-12-31;2024-12-31 08:08:48
488;Пономарев Олимпий Ярославович;stanimir_1998@example.com;г. Кудымкар, бул. Химиков, д. 1 стр. 195, 606081;2023-04-16 11:26:24;2023-10-13 11:26:24;0;2023-04-16;2023-04-16 11:26:24
488;Елизавета Наумовна Миронова;fedosi_30@example.com;г. Барнаул, бул. Шаумяна, д. 6/3, 573974;2024-09-30 13:50:19;9999-12-31 23:59:59;1;2024-09-30;2024-09-30 13:50:19
489;Сысоева Ольга Феликсовна;konstantin48@example.org;п. Новосибирск, бул. Матросова, д. 3/1 к. 51, 301463;2023-12-19 20:46:04;2024-06-16 20:46:04;0;2023-12-19;2023-12-19 20:46:04
490;Петухова Акулина Федоровна;januari79@example.org;д. Ноябрьск, ш. Пожарского, д. 32 к. 499, 868252;2024-09-29 00:00:00;2025-03-28 00:00:00;0;2024-09-29;2024-09-29 00:00:00
490;Суханова Марфа Архиповна;mefodiefremov@example.net;г. Абинск, наб. Октября, д. 9 к. 3, 159555;2024-07-30 01:16:09;9999-12-31 23:59:59;1;2024-07-30;2024-07-30 01:16:09
491;Артемий Александрович Носков;savelevamaja@example.org;ст. Майкоп, бул. Новый, д. 7/4 стр. 34, 578581;2023-05-19 05:21:47;2023-11-15 05:21:47;0;2023-05-19;2023-05-19 05:21:47
492;Аскольд Фокич Кабанов;gorbunovvsemil@example.com;клх Ханты-Мансийск, ш. 8-е Марта, д. 9/1 стр. 90, 103061;2025-01-09 01:21:15;2025-07-08 01:21:15;0;2025-01-09;2025-01-09 01:21:15
492;Таисия Харитоновна Фокина;rvinogradov@example.org;клх Якша, пер. Нефтяников, д. 9 к. 9, 656643;2023-06-09 19:46:37;9999-12-31 23:59:59;1;2023-06-09;2023-06-09 19:46:37
493;Изяслав Евсеевич Осипов;glebdrozdov@example.net;с. Смоленск, ул. Куйбышева, д. 6/6 стр. 310, 548759;2025-03-05 14:29:16;2025-09-01 14:29:16;0;2025-03-05;2025-03-05 14:29:16
494;Пестов Петр Тарасович;adam_37@example.net;к. Обоянь, ул. Азина, д. 21 к. 7, 722392;2024-07-28 23:49:30;2025-01-24 23:49:30;0;2024-07-28;2024-07-28 23:49:30
494;Селиверст Арсеньевич Молчанов;anisim2017@example.net;ст. Томск, ул. Крестьянская, д. 350, 044196;2023-04-30 12:40:06;9999-12-31 23:59:59;1;2023-04-30;2023-04-30 12:40:06
495;Олимпиада Макаровна Овчинникова;komarovavksenti@example.org;с. Домодедово, алл. Тукая, д. 1 стр. 5/6, 673001;2023-07-14 15:21:10;2024-01-10 15:21:10;0;2023-07-14;2023-07-14 15:21:10
496;Григорий Ермилович Селезнев;lemeljanov@example.com;к. Учалы, ш. Черняховского, д. 462, 959372;2023-08-06 12:25:01;2024-02-02 12:25:01;0;2023-08-06;2023-08-06 12:25:01
496;Шестакова Анжела Кузьминична;iemeljanov@example.net;д. Лянтор, бул. Павлика Морозова, д. 5/5, 563181;2024-02-17 23:01:01;9999-12-31 23:59:59;1;2024-02-17;2024-02-17 23:01:01
497;Валерия Сергеевна Морозова;irakli_55@example.com;к. Аша, пр. Пушкинский, д. 851 стр. 857, 345699;2024-09-29 02:53:24;2025-03-28 02:53:24;0;2024-09-29;2024-09-29 02:53:24
498;Творимир Эдгардович Кондратьев;vladislav_11@example.com;п. Зеленогорск (Ленин.), пер. Речной, д. 73 стр. 9, 814115;2023-09-25 17:19:19;2024-03-23 17:19:19;0;2023-09-25;2023-09-25 17:19:19
498;Виктория Андреевна Голубева;angelina_91@example.net;г. Комсомольск-на-Амуре, алл. Петровская, д. 51 к. 5, 391489;2024-01-25 15:03:46;9999-12-31 23:59:59;1;2024-01-25;2024-01-25 15:03:46
499;Алла Тимуровна Ларионова;avdeevavalerija@example.org;ст. Темрюк, ул. Толстого, д. 7/1 стр. 5/6, 747824;2024-02-21 16:36:02;2024-08-19 16:36:02;0;2024-02-21;2024-02-21 16:36:02
500;Рыбакова Таисия Артемовна;firsefimov@example.org;ст. Магас, наб. Студенческая, д. 23, 186999;2023-04-24 23:36:25;2023-10-21 23:36:25;0;2023-04-24;2023-04-24 23:36:25
500;Максимова Агата Борисовна;vorontsovsilanti@example.net;ст. Ардон, алл. Проточная, д. 739, 650334;2024-11-26 02:14:59;9999-12-31 23:59:59;1;2024-11-26;2024-11-26 02:14:59
