id,value
0,20.933192346640457
1,32.322524219339904
2,48.40702996199019
3,24.37090250532431
4,32.35092522005943
5,20.501743858149066
6,28.074400427611113
7,58.074900427639513
